alpha0_in,eta0_in,kappa_in,eta_sh_in,eta_nosh_in,alpha0_out,eta0_out,kappa_out,eta_sh_out,eta_nosh_out
0.05,0.05,0.05,0.05,0.05,0.0499718629289418,0.981192664476112,0.00262471241876483,1,0.999742513988167
0.35,0.05,0.05,0.05,0.05,0.351372228586115,0.00138897576835006,0.0101159929763526,0.257068131701089,0.260546152247116
0.65,0.05,0.05,0.05,0.05,0.648248545170645,0.426961073280836,0.0172381804877659,0.150014586652105,0.149618127361464
0.95,0.05,0.05,0.05,0.05,0.949163395190681,0.168037039371484,0.0927416452273064,0.0257602124438563,0.0268410327657875
0.05,0.35,0.05,0.05,0.05,0.0518024570628768,0.907870876682864,0.0166034541689442,0.155666837461467,0.155575645658246
0.35,0.35,0.05,0.05,0.05,0.355394119698758,0.705038479594805,0.0139642497597379,0.185823304638689,0.187386642570345
0.65,0.35,0.05,0.05,0.05,0.654404392611468,0.0389101444161497,0.0275412815099116,0.0930381438520271,0.091152292501647
0.95,0.35,0.05,0.05,0.05,0.949230739177437,0.950998510583304,0.0364520563744009,0.0691413686145097,0.0808518881676719
0.05,0.65,0.05,0.05,0.05,0.0596404662937857,0.622337732609594,0.0374216168420389,0.0677021313749719,0.0676053261267953
0.35,0.65,0.05,0.05,0.05,0.348862644659675,0.835639640683439,0.0403863621068012,0.0625276159189525,0.0622900337639294
0.65,0.65,0.05,0.05,0.05,0.65147952362895,0.433451466262341,0.0652519473806024,0.0376736782491207,0.0377367264591157
0.95,0.65,0.05,0.05,0.05,0.951390798087232,0.313035254250281,0.0186328471172601,0.137978774029762,0.147053717519157
0.05,0.95,0.05,0.05,0.05,0.0534610328459166,0.81610873721911,0.0542009382934339,0.0457521377193189,0.0452541321665194
0.35,0.95,0.05,0.05,0.05,0.347036903373009,0.870405596670025,0.0588616544846445,0.0420796359885571,0.0421381146734348
0.65,0.95,0.05,0.05,0.05,0.647723821952241,0.996379441261524,0.0535317127942108,0.0465129861258902,0.0470351130061317
0.95,0.95,0.05,0.05,0.05,0.949883001805574,0.975942796059826,0.0547941948389052,0.0453747636056505,0.0457848585720058
0.05,0.05,0.35,0.05,0.05,0.0631686462570542,0.0379467106818083,0.192981712325036,0.112464746368005,0.113175847609455
0.35,0.05,0.35,0.05,0.05,0.350352022851894,0.0854138557033366,0.217929982336955,0.0965873116501825,0.0965438580615228
0.65,0.05,0.35,0.05,0.05,0.649686182674486,0.0940287982211885,0.190687243562934,0.114257555500444,0.114003157812476
0.95,0.05,0.35,0.05,0.05,0.928810949806575,0.720786739550022,0.339224396149802,0.0524019956246775,0.0524459592925268
0.05,0.35,0.35,0.05,0.05,0.0453355909776292,0.722440718513099,0.187872795977455,0.116281028298545,0.11567072289472
0.35,0.35,0.35,0.05,0.05,0.349151525064372,0.377718365431065,0.246293794567464,0.0823881294054445,0.0826574322127271
0.65,0.35,0.35,0.05,0.05,0.655879841116985,0.67749927148634,0.19507339499205,0.111197940610055,0.111318624964497
0.95,0.35,0.35,0.05,0.05,0.949935885189916,0.3838228500681,0.313576189932064,0.0588636555112316,0.0588938784349011
0.05,0.65,0.35,0.05,0.05,0.0515386186482942,0.999988461356651,0.254196282695233,0.0786579081174636,0.0790234491652484
0.35,0.65,0.35,0.05,0.05,0.347860093255804,0.869759838800746,0.263516188870199,0.0752913317210187,0.0752982687790791
0.65,0.65,0.35,0.05,0.05,0.652404772108866,0.998764317483278,0.235360050953091,0.0874515859608209,0.0878400331030207
0.95,0.65,0.35,0.05,0.05,0.945814050388435,0.593947633575226,0.371736987197437,0.0454486540147627,0.0453649901428435
0.05,0.95,0.35,0.05,0.05,0.0486531834390007,0.999819880456471,0.337744808463867,0.0527822508024656,0.0527714250401914
0.35,0.95,0.35,0.05,0.05,0.347856908092581,0.989759865118685,0.333621665655301,0.0538827725467854,0.0539987461834244
0.65,0.95,0.35,0.05,0.05,0.650882325520797,0.969667890075016,0.342608364862372,0.0516446216452096,0.0516526349556443
0.95,0.95,0.35,0.05,0.05,0.95051734675144,0.974419454403687,0.343629527622397,0.0514621114270994,0.0514757804285182
0.05,0.05,0.65,0.05,0.05,0.0420005921737356,0.0569998274045247,0.62568126674887,0.055327457574549,0.055550921561462
0.35,0.05,0.65,0.05,0.05,0.349717158511339,0.0450991036486812,0.638012665163842,0.0526597618954838,0.0525456214090809
0.65,0.05,0.65,0.05,0.05,0.635284357022321,0.0362704223375108,0.332307822194366,0.189563061988601,0.180768548456332
0.95,0.05,0.65,0.05,0.05,0.878586317998753,0.574976944155082,0.661004728565018,0.047902353894699,0.0475668397010907
0.05,0.35,0.65,0.05,0.05,0.0413994090463561,0.360878919452972,0.642021659460411,0.0517487835953503,0.0517456292579936
0.35,0.35,0.65,0.05,0.05,0.357626885991827,0.5116875562003,0.511711390564351,0.0883615352384055,0.0873894958579911
0.65,0.35,0.65,0.05,0.05,0.634859480867568,0.573870309261077,0.559598706213496,0.070810755428127,0.0734187711401404
0.95,0.35,0.65,0.05,0.05,0.946614409422409,0.316874742735877,0.649513159307048,0.0501300056621403,0.0500995364108121
0.05,0.65,0.65,0.05,0.05,0.0462511805490067,0.669414034962756,0.642954661207114,0.051535793556468,0.0514960647506086
0.35,0.65,0.65,0.05,0.05,0.322874923730296,0.743914654689434,0.624680116510945,0.0552804177689268,0.055977972028586
0.65,0.65,0.65,0.05,0.05,0.651209983079752,0.651115309759916,0.648381027764117,0.0503020735850441,0.0503597482093028
0.95,0.65,0.65,0.05,0.05,0.946811689718743,0.648036879536448,0.650892558305713,0.0498164073287626,0.0497871777442924
0.05,0.95,0.65,0.05,0.05,0.0493535237765172,0.948105675495754,0.650530787395837,0.0498836070473772,0.0498755029766471
0.35,0.95,0.65,0.05,0.05,0.345463483010462,0.956398756414274,0.650077161290028,0.0499971478166117,0.0499957289794111
0.65,0.95,0.65,0.05,0.05,0.650111037772149,0.950200836989097,0.649968998273835,0.0500074608717114,0.0500063279177994
0.95,0.95,0.65,0.05,0.05,0.949876163620502,0.949697277857922,0.650084094726481,0.049979226954747,0.0499784289568197
0.05,0.05,0.95,0.05,0.05,0.0499740766827017,0.0500167312420672,0.950013364556071,0.0499902826704783,0.0499877232286963
0.35,0.05,0.95,0.05,0.05,0.350007636923692,0.0499869520281209,0.950006730141467,0.0499952374084387,0.0499930827209027
0.65,0.05,0.95,0.05,0.05,0.649985845337596,0.0500197705027858,0.949997214320319,0.0500050732584896,0.0500021393686438
0.95,0.05,0.95,0.05,0.05,0.949978458622354,0.0499983824120136,0.949996281378844,0.050009643426165,0.0499990766038536
0.05,0.35,0.95,0.05,0.05,0.0500524983435753,0.349938959945575,0.950004284219176,0.0499942508613458,0.0499948549258988
0.35,0.35,0.95,0.05,0.05,0.350029978697421,0.350041544268606,0.950009067542851,0.0499900443537626,0.0499878804257605
0.65,0.35,0.95,0.05,0.05,0.650099959073486,0.35002818085195,0.949999808641223,0.0499995128320734,0.0500000007741619
0.95,0.35,0.95,0.05,0.05,0.949941143378965,0.349954406141478,0.950006328152085,0.0499949730583467,0.0499973946280079
0.05,0.65,0.95,0.05,0.05,0.0500639316378511,0.650038915984624,0.949999886070145,0.0500003631386789,0.0500001958789653
0.35,0.65,0.95,0.05,0.05,0.349979860120811,0.650104420548814,0.94999069443702,0.0500068401966018,0.0500073246890906
0.65,0.65,0.95,0.05,0.05,0.649890811357182,0.649976605986012,0.950000047705544,0.0500031656119972,0.049999062983261
0.95,0.65,0.95,0.05,0.05,0.950040225925932,0.650017096086685,0.949997737515787,0.0500044217719733,0.0500003240399565
0.05,0.95,0.95,0.05,0.05,0.0500368112770957,0.949928408008418,0.950002811958257,0.0499929752913886,0.0499980576860253
0.35,0.95,0.95,0.05,0.05,0.350146518991096,0.949996943265432,0.950004655140219,0.0499944404582493,0.0499982267792802
0.65,0.95,0.95,0.05,0.05,0.650042623563422,0.949991727238739,0.949998374904681,0.0500029427330446,0.0499996485432348
0.95,0.95,0.95,0.05,0.05,0.950062788135256,0.949985319814004,0.950002152720117,0.0499959616427077,0.0499955689301714
0.05,0.05,0.05,0.35,0.05,0.0504148510517552,0.0425617293221876,0.048610458150506,0.360549594042823,0.051506390911527
0.35,0.05,0.05,0.35,0.05,0.347872925107367,0.0901177095947787,0.0591881185828242,0.292604204005329,0.0417523524374701
0.65,0.05,0.05,0.35,0.05,0.648097665789464,0.243784204989424,0.0363175672355283,0.489036144455895,0.0710736139517394
0.95,0.05,0.05,0.35,0.05,0.949268562515499,0.361740427964833,0.0558175906189717,0.311646424961509,0.0446172308875248
0.05,0.35,0.05,0.35,0.05,0.0497179619633243,0.615249164759007,0.0303372780181235,0.588060586364008,0.0842145847345819
0.35,0.35,0.05,0.35,0.05,0.3525810794672,0.471767350332811,0.0297813294455409,0.598110443796031,0.0857022828422487
0.65,0.35,0.05,0.35,0.05,0.652345800930107,0.197480927160541,0.0541586740396269,0.321816537355517,0.0460086153825614
0.95,0.35,0.05,0.35,0.05,0.950846836320125,0.00530622340738773,0.0460026578512043,0.381785659817979,0.0547589740017429
0.05,0.65,0.05,0.35,0.05,0.0490618931570452,0.93659407278119,0.0335117144460355,0.530519847596679,0.0756877250200887
0.35,0.65,0.05,0.35,0.05,0.350437348337437,0.972022939853559,0.0333142455019697,0.534319278693147,0.0786895600904245
0.65,0.65,0.05,0.35,0.05,0.64786075160373,0.831686830730177,0.0465422521810979,0.377388904220425,0.0540105615509674
0.95,0.65,0.05,0.35,0.05,0.950063020340167,0.869282328058034,0.0439832421252504,0.400342390756123,0.057501143310219
0.05,0.95,0.05,0.35,0.05,0.0546803197721601,0.900587050775357,0.047601388185285,0.368594261432008,0.0526786923001055
0.35,0.95,0.05,0.35,0.05,0.351998701808043,0.702436439925805,0.0630596235860139,0.273596713435836,0.0384573792107403
0.65,0.95,0.05,0.35,0.05,0.652729236797313,0.652145993568411,0.0612718374541146,0.282444348275021,0.0406550302141113
0.95,0.95,0.05,0.35,0.05,0.950085375889103,0.81025699077145,0.0528536549554701,0.330152151842412,0.04690183942148
0.05,0.05,0.35,0.35,0.05,0.0551625529169542,0.0345184297948435,0.352871323801082,0.345937866763052,0.0493235702197126
0.35,0.05,0.35,0.35,0.05,0.350555753887875,0.048527638669384,0.349829885272811,0.350258325979667,0.0500250401050835
0.65,0.05,0.35,0.35,0.05,0.649342452234123,0.0484573009889573,0.349670239171246,0.350491133576725,0.0500724868907128
0.95,0.05,0.35,0.35,0.05,0.94777441280894,0.0868737172131659,0.341263553396857,0.363553805036645,0.052002464326506
0.05,0.35,0.35,0.35,0.05,0.0508438460005891,0.35285919703864,0.345925928032813,0.356268109855051,0.0510087602930014
0.35,0.35,0.35,0.35,0.05,0.349993979798455,0.341406858140545,0.345680791091581,0.356490127349389,0.0509768011543201
0.65,0.35,0.35,0.35,0.05,0.649794418131933,0.340794926538365,0.357608597987564,0.339077831507893,0.0481885068875272
0.95,0.35,0.35,0.35,0.05,0.950840632811378,0.352485382367377,0.348847873119666,0.351805643325861,0.0502359016300034
0.05,0.65,0.35,0.35,0.05,0.0519285839645818,0.643192206327058,0.351381719423898,0.348053238379634,0.0496709117869614
0.35,0.65,0.35,0.35,0.05,0.348847307766846,0.654358102961851,0.349781328106474,0.350318155717105,0.0500513750812388
0.65,0.65,0.35,0.35,0.05,0.649949936512712,0.650192084496666,0.349833370502893,0.350235785752375,0.0500379235727451
0.95,0.65,0.35,0.35,0.05,0.95428647455641,0.513473674877558,0.345687830035885,0.356152544162281,0.0509795150729992
0.05,0.95,0.35,0.35,0.05,0.0488369999366114,0.962788143726357,0.346746667712068,0.355031064887953,0.0507481740605726
0.35,0.95,0.35,0.35,0.05,0.348430299749452,0.959027736713324,0.348610591570832,0.352016439201179,0.0503462985398073
0.65,0.95,0.35,0.35,0.05,0.650170143780997,0.953209878935013,0.349144829116995,0.351287100813352,0.0501984183501918
0.95,0.95,0.35,0.35,0.05,0.950624494299063,0.985092296534276,0.351217145727333,0.348220097654576,0.0497105456956888
0.05,0.05,0.65,0.35,0.05,0.0500155501722475,0.0499262072335114,0.650042349319847,0.349934437334014,0.0499927306154859
0.35,0.05,0.65,0.35,0.05,0.350017667398788,0.0499546645733062,0.650012189144036,0.349995190685149,0.0499972875404637
0.65,0.05,0.65,0.35,0.05,0.649918586046624,0.050202476708364,0.649887949559343,0.35015257860141,0.0500232207923546
0.95,0.05,0.65,0.35,0.05,0.950138578307815,0.0501408684649505,0.650049469259102,0.349940347543452,0.0499836420931388
0.05,0.35,0.65,0.35,0.05,0.0500837652944028,0.349895290564746,0.649993902537972,0.350019855890423,0.0499986498616636
0.35,0.35,0.65,0.35,0.05,0.349942180968355,0.350021925230976,0.64998094769544,0.350033397000516,0.050000866787741
0.65,0.35,0.65,0.35,0.05,0.649958495981991,0.350075374357402,0.649995754472911,0.350003575906157,0.0500001860782504
0.95,0.35,0.65,0.35,0.05,0.949927202746039,0.349974565930097,0.65000885322479,0.35000330557159,0.0499965896779031
0.05,0.65,0.65,0.35,0.05,0.0500569855794311,0.649995472922456,0.649997700587846,0.349998723424505,0.0500002294429578
0.35,0.65,0.65,0.35,0.05,0.34992303414765,0.649882014535251,0.650051767734112,0.349941659915203,0.0499857664108276
0.65,0.65,0.65,0.35,0.05,0.649982612609165,0.650017155450769,0.650017163396114,0.349967336136615,0.0499967402138282
0.95,0.65,0.65,0.35,0.05,0.94999453064338,0.65000436426044,0.649995186667184,0.350003723012833,0.0500079966250269
0.05,0.95,0.65,0.35,0.05,0.0501055357526639,0.949833961596596,0.650040070708201,0.349948349685292,0.0499867801554501
0.35,0.95,0.65,0.35,0.05,0.34999175008852,0.950064523523906,0.649968124052975,0.350031468988163,0.0500082029320765
0.65,0.95,0.65,0.35,0.05,0.650099933154706,0.950116229119885,0.649961613096821,0.350070344371488,0.0500100466379081
0.95,0.95,0.65,0.35,0.05,0.950070306884299,0.950246340318699,0.649992659382406,0.350011597241974,0.0500036170342355
0.05,0.05,0.95,0.35,0.05,0.0500189034546565,0.0499818144976416,0.950005837528806,0.349982288992578,0.0499976282912939
0.35,0.05,0.95,0.35,0.05,0.350080874406558,0.0500405433172091,0.950005056211012,0.349969277782293,0.0499945476412904
0.65,0.05,0.95,0.35,0.05,0.650037630011866,0.0500401082226745,0.950003344178185,0.349984824331841,0.0500001578111551
0.95,0.05,0.95,0.35,0.05,0.949992527388986,0.0500077088463513,0.949996020555773,0.350009152149596,0.0500008249646271
0.05,0.35,0.95,0.35,0.05,0.0500327307490807,0.349995714597753,0.949994302152845,0.350017232689424,0.0500008059079846
0.35,0.35,0.95,0.35,0.05,0.349937282502651,0.350032841786742,0.949992101639509,0.35001221857965,0.050000948831439
0.65,0.35,0.95,0.35,0.05,0.649895703303628,0.35008561128052,0.950001588287705,0.349974868069694,0.0500020197068807
0.95,0.35,0.95,0.35,0.05,0.94997348904144,0.349950909527251,0.950007135368651,0.349967934715096,0.0499974030826706
0.05,0.65,0.95,0.35,0.05,0.0499523445032537,0.649982693023048,0.950003535370342,0.34998870792333,0.0499978705774993
0.35,0.65,0.95,0.35,0.05,0.350041880650679,0.650003519491293,0.950001915800385,0.349998688412597,0.0500063801882789
0.65,0.65,0.95,0.35,0.05,0.649993653874844,0.650055470410734,0.950003409292549,0.349993524607271,0.0500022289343178
0.95,0.65,0.95,0.35,0.05,0.949971351074055,0.649980134796351,0.949997179210186,0.34998992329929,0.049997508758679
0.05,0.95,0.95,0.35,0.05,0.0501212868839502,0.94998287782073,0.950004037469625,0.349977876991034,0.0499968063086271
0.35,0.95,0.95,0.35,0.05,0.350011011585593,0.950087428092957,0.950003698468208,0.349992342293262,0.0500005334615707
0.65,0.95,0.95,0.35,0.05,0.649957166962849,0.949984102822782,0.949999693570135,0.350009009052883,0.0500023791246349
0.95,0.95,0.95,0.35,0.05,0.950001327546488,0.950001755787525,0.950002065183071,0.350000286300201,0.0499965121707646
0.05,0.05,0.05,0.65,0.05,0.0518107750394847,0.0121824766974896,0.0551982644828968,0.585023402963998,0.0451136517513078
0.35,0.05,0.05,0.65,0.05,0.347698451281758,0.156260919466149,0.0350684893783182,0.938345690636197,0.0733819019224029
0.65,0.05,0.05,0.65,0.05,0.648674413459958,0.1122977765408,0.0538800850263215,0.600400071532931,0.0462317635247018
0.95,0.05,0.05,0.65,0.05,0.949672416783869,0.0508830519393086,0.0473199510015547,0.688882114714943,0.0530243592802435
0.05,0.35,0.05,0.65,0.05,0.0447447429760359,0.452779084385838,0.0501602634321898,0.64775460868259,0.0498094123613555
0.35,0.35,0.05,0.65,0.05,0.354322819242952,0.1872600808274,0.0572013642522506,0.563452641654294,0.0436103109677788
0.65,0.35,0.05,0.65,0.05,0.651099554961547,0.385466088191606,0.0388657576404512,0.845501432544552,0.0647449793759733
0.95,0.35,0.05,0.65,0.05,0.94829466054216,0.902356184087694,0.0526627082144842,0.615235715871677,0.047362990793772
0.05,0.65,0.05,0.65,0.05,0.0500570058356971,0.720027656410821,0.0453722279053181,0.72012918360997,0.055455349967815
0.35,0.65,0.05,0.65,0.05,0.348385176039301,0.692005140008405,0.0502671668073162,0.646367653738707,0.0497134486213326
0.65,0.65,0.05,0.65,0.05,0.647297449148027,0.952616337599466,0.0421443937812001,0.777321178087732,0.0603141722385772
0.95,0.65,0.05,0.65,0.05,0.950620571966283,0.400013540289365,0.0483894346980378,0.67228346853517,0.0517405737191439
0.05,0.95,0.05,0.65,0.05,0.0545361710519501,0.981754654812903,0.0526922769186058,0.615126571425208,0.0473521943476953
0.35,0.95,0.05,0.65,0.05,0.344206916977782,0.991748963871942,0.0440800597934867,0.742283510851848,0.0569270878804673
0.65,0.95,0.05,0.65,0.05,0.65621179388836,0.612093739793636,0.051017779042013,0.637015670770779,0.0492523517459631
0.95,0.95,0.05,0.65,0.05,0.950189299906924,0.575319096858948,0.0562777488539723,0.573822381900754,0.0443683665416756
0.05,0.05,0.35,0.65,0.05,0.048567405086942,0.0438265210250393,0.349675322300754,0.650913132936694,0.0500758708221838
0.35,0.05,0.35,0.65,0.05,0.349682013213169,0.0492360506905243,0.350020774931181,0.649925451114541,0.0499975138227455
0.65,0.05,0.35,0.65,0.05,0.649993316823384,0.0480940481356811,0.350028695858782,0.649865282641258,0.0500054082658608
0.95,0.05,0.35,0.65,0.05,0.949900119332597,0.0499098168802448,0.350085281737847,0.649747372808633,0.0499724882247392
0.05,0.35,0.35,0.65,0.05,0.0501325716377323,0.350242554104625,0.349992084460609,0.650062343007448,0.0499978951083904
0.35,0.35,0.35,0.65,0.05,0.35062892325368,0.350891831782064,0.349961188287125,0.650129649198789,0.0499840488992049
0.65,0.35,0.35,0.65,0.05,0.649051102489466,0.348787809256464,0.350031536827373,0.64994982585813,0.0499938337161439
0.95,0.35,0.35,0.65,0.05,0.94997393101221,0.34974799684278,0.350148151403118,0.649650518738781,0.0499541669414612
0.05,0.65,0.35,0.65,0.05,0.0487825771269854,0.655655377893709,0.350655739894137,0.64818987849867,0.0498277405567933
0.35,0.65,0.35,0.65,0.05,0.350034464412602,0.649519595048332,0.350114058053805,0.64972422730898,0.0499637879474903
0.65,0.65,0.35,0.65,0.05,0.650216709880624,0.650367092574015,0.349988488393137,0.650008647033246,0.0500041594204959
0.95,0.65,0.35,0.65,0.05,0.949934337375453,0.649964564945549,0.349982210551389,0.65011628009961,0.0499956966959871
0.05,0.95,0.35,0.65,0.05,0.0501783960498869,0.950054271612316,0.349795338697731,0.650530708022416,0.0500523513182998
0.35,0.95,0.35,0.65,0.05,0.350543888402171,0.951121727004647,0.35008607362397,0.649809840018861,0.0499742347747087
0.65,0.95,0.35,0.65,0.05,0.650082153821131,0.949948966037482,0.350139436166501,0.649635777488584,0.0499642505601514
0.95,0.95,0.35,0.65,0.05,0.949041583983785,0.915089786387853,0.350787410339194,0.647881115086307,0.0498210040987033
0.05,0.05,0.65,0.65,0.05,0.0503041349220439,0.0497231818881119,0.649970831647806,0.650069347007957,0.050013191474136
0.35,0.05,0.65,0.65,0.05,0.350074549467536,0.0498739657632541,0.650040168518899,0.649926831654739,0.0499871733773034
0.65,0.05,0.65,0.65,0.05,0.65000290190801,0.0500438155722804,0.649988811754156,0.650013825943461,0.0500077728647739
0.95,0.05,0.65,0.65,0.05,0.950076118810102,0.0500329087954015,0.649983204435557,0.65000947820954,0.0500093029113486
0.05,0.35,0.65,0.65,0.05,0.0499466645705979,0.350143840245437,0.650014521117555,0.649992624123115,0.0499829212785698
0.35,0.35,0.65,0.65,0.05,0.350092454464175,0.349828666658141,0.650021018576808,0.649998053908348,0.0499892850639299
0.65,0.35,0.65,0.65,0.05,0.650024869455592,0.349909137896248,0.650008954095028,0.649966088667497,0.0500014021672541
0.95,0.35,0.65,0.65,0.05,0.949904215754941,0.349786806269549,0.650007104966789,0.649971142178401,0.0500011430121958
0.05,0.65,0.65,0.65,0.05,0.0498562842913088,0.649910405481933,0.650010856246809,0.649978263987578,0.0499997427905328
0.35,0.65,0.65,0.65,0.05,0.350014023599215,0.649868283377145,0.65000896150741,0.650017993080837,0.0499909132704488
0.65,0.65,0.65,0.65,0.05,0.649898009762182,0.650060371841391,0.649988423652758,0.650019878801686,0.050002523470539
0.95,0.65,0.65,0.65,0.05,0.95003170111886,0.650016942076036,0.649962386334664,0.650070589428651,0.0500172547181137
0.05,0.95,0.65,0.65,0.05,0.0499764624983072,0.949834660859779,0.650010705576278,0.649966270430014,0.0500026310328394
0.35,0.95,0.65,0.65,0.05,0.34993706131354,0.94981892965734,0.650002705864608,0.64998966595158,0.0499986866489053
0.65,0.95,0.65,0.65,0.05,0.650125815882348,0.949968469329178,0.65000785223674,0.649996693362482,0.0499985300702974
0.95,0.95,0.65,0.65,0.05,0.950057855632622,0.950471954565728,0.650004333816469,0.650007474119775,0.0500075212912634
0.05,0.05,0.95,0.65,0.05,0.0500325558077748,0.05001140139575,0.950000928731242,0.649997362748763,0.0500033401222026
0.35,0.05,0.95,0.65,0.05,0.350012181792408,0.0499864039593376,0.949998044205131,0.650017399981152,0.0499999723979272
0.65,0.05,0.95,0.65,0.05,0.650007422653289,0.0500067735265475,0.949995136259531,0.650015241793881,0.0500019038445316
0.95,0.05,0.95,0.65,0.05,0.950018913863914,0.0500116440330203,0.949999443622801,0.650014130873842,0.0499986874870046
0.05,0.35,0.95,0.65,0.05,0.0500626787543297,0.350025618448853,0.950004193931818,0.649980967864394,0.0499955806881189
0.35,0.35,0.95,0.65,0.05,0.349959442391992,0.349983798339963,0.950000882148743,0.650014102458954,0.0500016044825315
0.65,0.35,0.95,0.65,0.05,0.649955235072412,0.350031877169386,0.950000920915045,0.650006362586282,0.0500051924027503
0.95,0.35,0.95,0.65,0.05,0.950036693484435,0.350012495584451,0.94999739094601,0.649990785843329,0.0499979957039614
0.05,0.65,0.95,0.65,0.05,0.0500185671335203,0.650053669232875,0.949996691859269,0.650022940448252,0.0500039009784814
0.35,0.65,0.95,0.65,0.05,0.349987280098503,0.649970044840302,0.949999520633355,0.650001429425174,0.0499978746993293
0.65,0.65,0.95,0.65,0.05,0.649992616740633,0.649990642416697,0.950005085079965,0.64997188826294,0.0500035309867144
0.95,0.65,0.95,0.65,0.05,0.950010752952949,0.650012674122991,0.949998018055339,0.650008211378008,0.0500008347080438
0.05,0.95,0.95,0.65,0.05,0.0500375257979613,0.949959033809137,0.949996318726335,0.649999777902849,0.0499981638859026
0.35,0.95,0.95,0.65,0.05,0.349983844576855,0.949912736272381,0.950003786734669,0.64997961561312,0.0499985097394529
0.65,0.95,0.95,0.65,0.05,0.650021491572261,0.949946742504835,0.950000271201134,0.649983180686831,0.049999276176095
0.95,0.95,0.95,0.65,0.05,0.950026971404441,0.949954277719371,0.949999364209361,0.650000936584547,0.0499997406732291
0.05,0.05,0.05,0.95,0.05,0.0523121916048694,0.00416228480753489,0.0623722744931001,0.754072443931364,0.039538819110021
0.35,0.05,0.05,0.95,0.05,0.349353731550309,0.0722572528507044,0.0476179800684804,0.999957793166232,0.0527243221781646
0.65,0.05,0.05,0.95,0.05,0.649508164191502,0.0674813527894003,0.0580277149510948,0.811732738644423,0.0424745447817259
0.95,0.05,0.05,0.95,0.05,0.947398587712087,0.960516024832032,0.0523036798549583,0.906461871752981,0.0478390787902754
0.05,0.35,0.05,0.95,0.05,0.0521701107791159,0.248140831216006,0.061705440224614,0.760089756193338,0.0398690295987763
0.35,0.35,0.05,0.95,0.05,0.358871442265809,0.497980948071927,0.048570420127362,0.979073717258871,0.0515611048322171
0.65,0.35,0.05,0.95,0.05,0.646526500153414,0.425321848022577,0.0606333707764861,0.775034917853191,0.0405945255261031
0.95,0.35,0.05,0.95,0.05,0.950734541751444,0.0101760569959879,0.0559512805193663,0.843864464201033,0.0443481546826661
0.05,0.65,0.05,0.95,0.05,0.0604558326231199,0.761167172388014,0.0548009494686994,0.863147335214308,0.0452255508280359
0.35,0.65,0.05,0.95,0.05,0.353674055491865,0.679607344885881,0.0514544109246344,0.921895155894163,0.0485008655086858
0.65,0.65,0.05,0.95,0.05,0.65367811312899,0.384711175924167,0.0573342158459127,0.8227705078898,0.0435540920589119
0.95,0.65,0.05,0.95,0.05,0.950899877585471,0.986866080551408,0.051845065667294,0.914613055880181,0.0483939773403108
0.05,0.95,0.05,0.95,0.05,0.055643983068876,0.829942557145841,0.0623097864445299,0.754037363105454,0.0394662198377773
0.35,0.95,0.05,0.95,0.05,0.349639179185033,0.946184469386935,0.051044087857008,0.929496172815561,0.0488624479621649
0.65,0.95,0.05,0.95,0.05,0.651293609074855,0.701337955396411,0.0608712104053666,0.77230582013226,0.0399353026373319
0.95,0.95,0.05,0.95,0.05,0.951461963333713,0.400210577765392,0.0505633485663566,0.938746897441888,0.0493255301244062
0.05,0.05,0.35,0.95,0.05,0.0505877272516955,0.0486555399547797,0.349983468360733,0.950076164794154,0.0500136201735586
0.35,0.05,0.35,0.95,0.05,0.350253517099191,0.0506242960109375,0.350035543960985,0.949945425323676,0.0499754175543785
0.65,0.05,0.35,0.95,0.05,0.649540323225665,0.0525950729352189,0.3501802454266,0.949404067570867,0.0499520505254623
0.95,0.05,0.35,0.95,0.05,0.950385206502688,0.0518017777285422,0.350076958988211,0.949780445647775,0.0499540885866736
0.05,0.35,0.35,0.95,0.05,0.0499854873341974,0.349992470844882,0.349992596777156,0.950021727097919,0.0500163650722243
0.35,0.35,0.35,0.95,0.05,0.350085165737255,0.350207351999416,0.350027945278271,0.949882749664539,0.0499976426290232
0.65,0.35,0.35,0.95,0.05,0.650142928352579,0.350109510240145,0.349995995638892,0.950062108924612,0.0499882638687268
0.95,0.35,0.35,0.95,0.05,0.950020925170975,0.350109064136632,0.350033765862463,0.949947698303731,0.0499859511037357
0.05,0.65,0.35,0.95,0.05,0.0500016513979062,0.649808964692056,0.350044164224528,0.949876022641547,0.0499870290514082
0.35,0.65,0.35,0.95,0.05,0.349838145339163,0.650250370141293,0.350051903667918,0.94984110671794,0.0499793033086462
0.65,0.65,0.35,0.95,0.05,0.650108858128078,0.650303040281869,0.349982654443011,0.950075811124407,0.0499988263472915
0.95,0.65,0.35,0.95,0.05,0.949823642762567,0.649899518253733,0.34995515450828,0.950161837714404,0.0500368625798728
0.05,0.95,0.35,0.95,0.05,0.0499388851621916,0.949622496415031,0.350108326780173,0.949610940406274,0.0499650748424756
0.35,0.95,0.35,0.95,0.05,0.349710608250462,0.949588338145986,0.350005301996134,0.949920974904671,0.0500019750325009
0.65,0.95,0.35,0.95,0.05,0.650177541567245,0.950580066564726,0.350005542772124,0.949963211925933,0.0500041486520786
0.95,0.95,0.35,0.95,0.05,0.950097510958585,0.950003521629696,0.350022170880038,0.949887863287586,0.0499958912223519
0.05,0.05,0.65,0.95,0.05,0.0500504605879541,0.0500330878712703,0.65003319416428,0.949914695869666,0.0499836742528714
0.35,0.05,0.65,0.95,0.05,0.349917984101921,0.0499306916899513,0.649987985321786,0.950046490193927,0.0500074397859862
0.65,0.05,0.65,0.95,0.05,0.650108663040101,0.0500678649409565,0.649978582886433,0.95003819723388,0.050000777941932
0.95,0.05,0.65,0.95,0.05,0.949978172779083,0.0499257929623127,0.650023201480508,0.949928898364305,0.050000848248601
0.05,0.35,0.65,0.95,0.05,0.049993366599665,0.349959022110852,0.64999702770001,0.949997429714131,0.0500015726647689
0.35,0.35,0.65,0.95,0.05,0.350110797211528,0.349966840818524,0.649988351389766,0.950049586594105,0.050005704164505
0.65,0.35,0.65,0.95,0.05,0.649971272629045,0.349998348163354,0.64998145491154,0.950021248834673,0.0500049423280871
0.95,0.35,0.65,0.95,0.05,0.949890660369419,0.349876182153821,0.650011308345711,0.949956439748348,0.0499988969604601
0.05,0.65,0.65,0.95,0.05,0.0500693081412464,0.650049477233551,0.649975589709356,0.950063992873766,0.05000189691782
0.35,0.65,0.65,0.95,0.05,0.350067507271888,0.649972487299237,0.649996090593049,0.950010841246694,0.0500015667639673
0.65,0.65,0.65,0.95,0.05,0.649923436460085,0.649984553572722,0.650010308600031,0.949956896249205,0.0499999470775947
0.95,0.65,0.65,0.95,0.05,0.949961614882341,0.650025067501701,0.649991107668029,0.950025677797385,0.0500026343797799
0.05,0.95,0.65,0.95,0.05,0.0499486620319658,0.950125362112885,0.649978734065371,0.950031632441096,0.0500051475682994
0.35,0.95,0.65,0.95,0.05,0.350057925534202,0.950021705531981,0.650005822972162,0.950007680832641,0.0499962040630635
0.65,0.95,0.65,0.95,0.05,0.649968024983536,0.949989118205849,0.649993572733365,0.950029743136838,0.0500007084337994
0.95,0.95,0.65,0.95,0.05,0.94999703290523,0.949994115233494,0.650012383588546,0.949941792736354,0.0499954745791911
0.05,0.05,0.95,0.95,0.05,0.0500140064323205,0.0499930625301204,0.950004995625932,0.94999563467718,0.0500031873598346
0.35,0.05,0.95,0.95,0.05,0.349920384585857,0.0500340852886438,0.950000200420618,0.950011573731899,0.0500026308000088
0.65,0.05,0.95,0.95,0.05,0.650002741633216,0.0499889698839979,0.950005662183685,0.94999324814853,0.0500044057189371
0.95,0.05,0.95,0.95,0.05,0.950053561437926,0.0500168347830368,0.950003745312642,0.949989735542658,0.0499987034427249
0.05,0.35,0.95,0.95,0.05,0.0499894404752013,0.35002346231613,0.949997146738497,0.950004278310644,0.0500010424439097
0.35,0.35,0.95,0.95,0.05,0.349834963766625,0.350006980064791,0.949998725118348,0.950003981444752,0.0499972392863128
0.65,0.35,0.95,0.95,0.05,0.649997876304042,0.350004288338823,0.950001735491242,0.950001895203968,0.0499973968526319
0.95,0.35,0.95,0.95,0.05,0.950075223190652,0.350036672622082,0.950001983452239,0.949987715270254,0.0500021598272724
0.05,0.65,0.95,0.95,0.05,0.0500024099528673,0.650013943261001,0.949997854659159,0.950003877216659,0.0500000178071787
0.35,0.65,0.95,0.95,0.05,0.349956628992004,0.650015832356075,0.950001376804721,0.949996454155553,0.0500002413518814
0.65,0.65,0.95,0.95,0.05,0.650029832380824,0.650043515757716,0.949998585507274,0.95000399240962,0.0499969795782818
0.95,0.65,0.95,0.95,0.05,0.949990281475039,0.6500109170629,0.950001460696512,0.949999504231528,0.05000009172727
0.05,0.95,0.95,0.95,0.05,0.0499888678168645,0.950045209778182,0.949998803655035,0.949996421542892,0.0499995254649548
0.35,0.95,0.95,0.95,0.05,0.350006661434236,0.949987495941969,0.950000242197348,0.949996087278123,0.0499985502010531
0.65,0.95,0.95,0.95,0.05,0.650052362691895,0.949986770713622,0.950004274131516,0.949998768845944,0.0500041022000914
0.95,0.95,0.95,0.95,0.05,0.950042790180305,0.949996619703597,0.949997145522502,0.94999147674389,0.0499977892759489
0.05,0.05,0.05,0.05,0.35,0.047586974222213,0.179247669206234,0.0270912299747579,0.0940250575367827,0.660086378833512
0.35,0.05,0.05,0.05,0.35,0.347668897789845,0.184580231376458,0.0350662200944498,0.0724735193216475,0.507286827356438
0.65,0.05,0.05,0.05,0.35,0.650536591507262,0.0196776328375563,0.0345507604361046,0.0734625284094363,0.512659593456192
0.95,0.05,0.05,0.05,0.35,0.952459484013161,0.951114473076814,0.0633061614844337,0.038884652487468,0.273288020889595
0.05,0.35,0.05,0.05,0.35,0.0527523383498192,0.337528223637491,0.0422958325361833,0.0594643485092092,0.416186562622897
0.35,0.35,0.05,0.05,0.35,0.351043544709682,0.362972810864449,0.0505659505724907,0.0493237376213074,0.345715433359146
0.65,0.35,0.05,0.05,0.35,0.65227501940717,0.364058491795731,0.0514970825424825,0.0484781368486438,0.339381153000431
0.95,0.35,0.05,0.05,0.35,0.951302375215164,0.9718462562887,0.0493803893405129,0.0502398000098765,0.35465311165899
0.05,0.65,0.05,0.05,0.35,0.0431949100457132,0.512472191825509,0.0506062619388103,0.0494894464500248,0.345825120341033
0.35,0.65,0.05,0.05,0.35,0.350376007696468,0.89144715882685,0.0349108888403862,0.0727328825323639,0.508181818197045
0.65,0.65,0.05,0.05,0.35,0.649304827791639,0.760444980463944,0.0452744220383465,0.0555320311104879,0.387848806218244
0.95,0.65,0.05,0.05,0.35,0.95035063920659,0.947667303087655,0.0269824801944196,0.0947919107566122,0.665485230681952
0.05,0.95,0.05,0.05,0.35,0.0432812886720058,0.757027099170955,0.0542082994652446,0.0456644154619426,0.321350845391862
0.35,0.95,0.05,0.05,0.35,0.350083184923278,0.963308111706283,0.0492538027174305,0.0508128440123983,0.355514574213885
0.65,0.95,0.05,0.05,0.35,0.648536445412901,0.58560105982906,0.084967086884717,0.0282813090598211,0.20074288892647
0.95,0.95,0.05,0.05,0.35,0.950236625521029,0.738362935450368,0.0549623614538177,0.0453248799267385,0.314604028187205
0.05,0.05,0.35,0.05,0.35,0.0508068415656453,0.0461820963391801,0.350581528186012,0.0498582824984624,0.349102007632609
0.35,0.05,0.35,0.05,0.35,0.35011475160718,0.0501203867606819,0.350243799621239,0.0499337190994993,0.349636925035156
0.65,0.05,0.35,0.05,0.35,0.650140431296222,0.0152675365056893,0.324189942890371,0.0565228601317358,0.391647473598823
0.95,0.05,0.35,0.05,0.35,0.949594528530724,0.0492502605484333,0.348522343614604,0.0503364716714714,0.352283110667486
0.05,0.35,0.35,0.05,0.35,0.0505483809392899,0.345732125919312,0.35555416403804,0.0486840547528118,0.341962833539583
0.35,0.35,0.35,0.05,0.35,0.350749712699326,0.352082114928635,0.350400966242887,0.0499118822335731,0.349386309273541
0.65,0.35,0.35,0.05,0.35,0.649447244388284,0.347615496750223,0.351610924117267,0.0496566439978778,0.347584160102997
0.95,0.35,0.35,0.05,0.35,0.930011355230818,0.965071358776186,0.35166975253378,0.0497434063872788,0.347374206321547
0.05,0.65,0.35,0.05,0.35,0.0468944874951376,0.688299426736535,0.338585566139841,0.052816361107034,0.367959227847109
0.35,0.65,0.35,0.05,0.35,0.34914632953587,0.651282715378329,0.349628887255676,0.0500352667004336,0.350622974103317
0.65,0.65,0.35,0.05,0.35,0.651677192866373,0.741610262176437,0.311146727785854,0.0604616888040255,0.412362229125847
0.95,0.65,0.35,0.05,0.35,0.945758300746093,0.656492715177592,0.342684906878276,0.0516921434318647,0.361277188669192
0.05,0.95,0.35,0.05,0.35,0.0486443979588103,0.941248501909172,0.348709592464729,0.0502517099334909,0.352132007555952
0.35,0.95,0.35,0.05,0.35,0.352403828757815,0.997373000340303,0.337362390710041,0.0529609294608235,0.369426170276711
0.65,0.95,0.35,0.05,0.35,0.650406033350009,0.954152182017424,0.348904542317541,0.0502698087948374,0.351659287694929
0.95,0.95,0.35,0.05,0.35,0.948680378118297,0.945778475375846,0.351032965903869,0.0497697525715921,0.348437508771894
0.05,0.05,0.65,0.05,0.35,0.0500914436015591,0.0502512884413591,0.649998296830745,0.0499992242912413,0.349992054269023
0.35,0.05,0.65,0.05,0.35,0.350214395439252,0.0495788978005294,0.650002962705912,0.049998438655166,0.349982369632926
0.65,0.05,0.65,0.05,0.35,0.65002857188847,0.0499120199638128,0.649999285946251,0.0500048649591918,0.350002109604247
0.95,0.05,0.65,0.05,0.35,0.950165461625147,0.0501561241326272,0.649980017100461,0.0500104371676571,0.350024156992731
0.05,0.35,0.65,0.05,0.35,0.0500031357951229,0.350279150319693,0.650013804639457,0.0500062697610701,0.349953696117154
0.35,0.35,0.65,0.05,0.35,0.350032135844231,0.349890880752355,0.650062382221222,0.0499908342026174,0.349911747965962
0.65,0.35,0.65,0.05,0.35,0.64987482556171,0.349917820560222,0.64991314936924,0.0500157625137945,0.350129273203493
0.95,0.35,0.65,0.05,0.35,0.950005787501141,0.350005846497879,0.649979297967548,0.0499971659655785,0.350050130037744
0.05,0.65,0.65,0.05,0.35,0.0499953413977892,0.650014949162141,0.649991425299959,0.050002539691377,0.350013456101806
0.35,0.65,0.65,0.05,0.35,0.349916376595502,0.649901956880058,0.650033784899279,0.0499905493779806,0.349946015085152
0.65,0.65,0.65,0.05,0.35,0.650017491250765,0.649884229489544,0.650007795229612,0.0500021468105842,0.34996163892356
0.95,0.65,0.65,0.05,0.35,0.949926006327587,0.649820181103678,0.650007843060848,0.0499953403550535,0.350005467274059
0.05,0.95,0.65,0.05,0.35,0.0499281886550307,0.950127295118364,0.649969259402496,0.0500106469153252,0.350032093216214
0.35,0.95,0.65,0.05,0.35,0.35001938546884,0.949970984544052,0.650004402379636,0.0499983339577739,0.349985482453121
0.65,0.95,0.65,0.05,0.35,0.649894992967347,0.949884581421884,0.650052788105313,0.0499865513725126,0.34992041049054
0.95,0.95,0.65,0.05,0.35,0.950119957517018,0.950141922105104,0.649951261162641,0.0500079744670074,0.350071605622361
0.05,0.05,0.95,0.05,0.35,0.0500182950490853,0.0499508765969949,0.949999061684139,0.0500034615579352,0.350023962913838
0.35,0.05,0.95,0.05,0.35,0.350017132237554,0.0499754920601845,0.950004797428846,0.0500011164695024,0.34999237395823
0.65,0.05,0.95,0.05,0.35,0.650036829314217,0.0500189856561519,0.950003757495779,0.049996425133827,0.349976792835264
0.95,0.05,0.95,0.05,0.35,0.949937215074897,0.0499687232077122,0.950003864243627,0.0499996021389961,0.349998975172639
0.05,0.35,0.95,0.05,0.35,0.0499761685496196,0.349951310199685,0.950007606646977,0.0500022710766643,0.349977133213542
0.35,0.35,0.95,0.05,0.35,0.349965406232513,0.349986370652914,0.949997528456151,0.0499969132943079,0.349997598910704
0.65,0.35,0.95,0.05,0.35,0.650030456017703,0.350010969123105,0.949998815369327,0.0499960010347422,0.350003181520151
0.95,0.35,0.95,0.05,0.35,0.950090477243066,0.349987061577849,0.95000435912516,0.0500013241544366,0.349984105909243
0.05,0.65,0.95,0.05,0.35,0.0499728168360889,0.650001259054989,0.950001863762736,0.0499993776902556,0.349998008459806
0.35,0.65,0.95,0.05,0.35,0.349928995128721,0.650111570954323,0.950005916296504,0.0499996725702658,0.349977225181647
0.65,0.65,0.95,0.05,0.35,0.649991200065415,0.649980264453916,0.950003310914326,0.0500020585241145,0.349997530036489
0.95,0.65,0.95,0.05,0.35,0.950080855400302,0.650082791456953,0.949995735078119,0.0499997531296685,0.350007485365495
0.05,0.95,0.95,0.05,0.35,0.0500638827652438,0.949987043699366,0.950003645732068,0.050001709976641,0.349984161752218
0.35,0.95,0.95,0.05,0.35,0.349971067176739,0.94997336394772,0.949999842645411,0.0500005542708095,0.349991340648558
0.65,0.95,0.95,0.05,0.35,0.649987277211039,0.950051455583889,0.949998874762969,0.0499974129415932,0.34999946699827
0.95,0.95,0.95,0.05,0.35,0.949923011910869,0.950025798374554,0.94999805745465,0.0499967809082591,0.349998710851651
0.05,0.05,0.05,0.35,0.35,0.0496482564976759,0.0871318756144319,0.0357627513494663,0.496377916284473,0.496988649940249
0.35,0.05,0.05,0.35,0.35,0.348434675426688,0.0195252396515571,0.080232995620463,0.210964794852771,0.211171283852309
0.65,0.05,0.05,0.35,0.35,0.64917389222137,0.188306520627521,0.02923682157234,0.611991089634103,0.611376150647629
0.95,0.05,0.05,0.35,0.35,0.950044829398394,0.0690009146928787,0.0467298328876495,0.375779412686825,0.375911977142096
0.05,0.35,0.05,0.35,0.35,0.0495909174132976,0.312139966314135,0.0548304449330317,0.317572157669929,0.317631277866894
0.35,0.35,0.05,0.35,0.35,0.349997148266993,0.337233707192354,0.0518832715461031,0.336639036773704,0.336588133592159
0.65,0.35,0.05,0.35,0.35,0.650130264384643,0.192698988050324,0.0814803667890374,0.207774649219573,0.207647149096374
0.95,0.35,0.05,0.35,0.35,0.950361033719673,0.20250066517292,0.0652421376435086,0.263872215266019,0.263494031072696
0.05,0.65,0.05,0.35,0.35,0.0498258974403143,0.90042102849111,0.0362766580656171,0.489441317156889,0.489488132530823
0.35,0.65,0.05,0.35,0.35,0.351436638375162,0.48535786040884,0.0639883014227962,0.269345213782799,0.269376337935682
0.65,0.65,0.05,0.35,0.35,0.647188061833731,0.861337434058441,0.046525944781024,0.37747426711212,0.37736841410333
0.95,0.65,0.05,0.35,0.35,0.949780605908018,0.825001277873525,0.044757087045582,0.393174736876972,0.393309474457055
0.05,0.95,0.05,0.35,0.35,0.0447133358102292,0.843068443471566,0.0619166892720386,0.278911362751387,0.278966775629669
0.35,0.95,0.05,0.35,0.35,0.349212942295708,0.978061232250184,0.0481906395871192,0.363550766953267,0.363526309025474
0.65,0.95,0.05,0.35,0.35,0.648939375882037,0.927529573440552,0.0585979170864448,0.2959815581562,0.295731008751318
0.95,0.95,0.05,0.35,0.35,0.951557773514651,0.419780093245208,0.0535828314023092,0.325277418480255,0.324581430642866
0.05,0.05,0.35,0.35,0.35,0.0502934146916232,0.0505368676513172,0.34996190039783,0.350064125739664,0.350057091123745
0.35,0.05,0.35,0.35,0.35,0.347043779329397,0.0606127147621009,0.350093909830321,0.349897196952952,0.349811702995794
0.65,0.05,0.35,0.35,0.35,0.650637534898124,0.0507563611972728,0.351523298835673,0.347735623472545,0.347672992655134
0.95,0.05,0.35,0.35,0.35,0.94958414685243,0.0447380603764032,0.348940757743549,0.351623924754676,0.351631789935709
0.05,0.35,0.35,0.35,0.35,0.0503151859156787,0.347203842247836,0.351302966009825,0.348001571604982,0.348068188177422
0.35,0.35,0.35,0.35,0.35,0.352714870794443,0.372803909878712,0.336546808015555,0.371083482634276,0.370626722607994
0.65,0.35,0.35,0.35,0.35,0.644292375305668,0.463855786132626,0.340255347895436,0.364939382532611,0.365225104731508
0.95,0.35,0.35,0.35,0.35,0.949262928988901,0.326787792579125,0.354016683744703,0.344180862775829,0.343905629370056
0.05,0.65,0.35,0.35,0.35,0.0505092057865113,0.651293720700778,0.349047739175148,0.351399233564734,0.351456957519986
0.35,0.65,0.35,0.35,0.35,0.349557954112242,0.652410494261858,0.348324540605972,0.35261542850094,0.352445177690242
0.65,0.65,0.35,0.35,0.35,0.650001903617522,0.649367578094825,0.35034175394685,0.349551926716231,0.349397172045428
0.95,0.65,0.35,0.35,0.35,0.944475545049045,0.853667254878928,0.348066712743275,0.353055849046086,0.352809966722816
0.05,0.95,0.35,0.35,0.35,0.0500193742827832,0.949826106074397,0.350056769590083,0.349878773395176,0.349835918150347
0.35,0.95,0.35,0.35,0.35,0.350002575592498,0.94857056298315,0.350414516895398,0.349389268152663,0.349352260490377
0.65,0.95,0.35,0.35,0.35,0.650585405877791,0.947767548030242,0.349912101286463,0.350138664711267,0.350162436487153
0.95,0.95,0.35,0.35,0.35,0.950006533181295,0.949721494456753,0.350098145718221,0.349896324158181,0.349867041455582
0.05,0.05,0.65,0.35,0.35,0.0500516267493367,0.0500229382887483,0.650026117451489,0.34998126141727,0.349958444945514
0.35,0.05,0.65,0.35,0.35,0.350057835457847,0.0498250829987228,0.650002960464917,0.349999431171454,0.349992131697945
0.65,0.05,0.65,0.35,0.35,0.649981549613585,0.0500399501033826,0.650005367446283,0.349992275499972,0.349998620200495
0.95,0.05,0.65,0.35,0.35,0.949937367644452,0.0501243444523425,0.65007988812431,0.349892329199065,0.349889485383756
0.05,0.35,0.65,0.35,0.35,0.0500179653754458,0.349986066576093,0.650007779593579,0.349979061866179,0.35000407777261
0.35,0.35,0.65,0.35,0.35,0.350111563166138,0.349757064512232,0.650029825017555,0.349976723897271,0.349968589987839
0.65,0.35,0.65,0.35,0.35,0.650014091515914,0.350007504137466,0.650024376314832,0.349961604661075,0.349997732177144
0.95,0.35,0.65,0.35,0.35,0.950046431764349,0.350005200360101,0.649994959070682,0.350006018757995,0.350018212828218
0.05,0.65,0.65,0.35,0.35,0.0499682128429413,0.650053411722183,0.650004714727402,0.349991619586945,0.34998744726181
0.35,0.65,0.65,0.35,0.35,0.349971683463082,0.650090877374168,0.649975448584883,0.350028048880631,0.350004474166781
0.65,0.65,0.65,0.35,0.35,0.649834232404828,0.649877940188162,0.649995747953653,0.350012226263061,0.350010062218644
0.95,0.65,0.65,0.35,0.35,0.949898020189721,0.649982973380247,0.650030785938725,0.349989788373932,0.349963187123649
0.05,0.95,0.65,0.35,0.35,0.0499874082452152,0.950141741428524,0.649978057801491,0.350034874951234,0.35001506190747
0.35,0.95,0.65,0.35,0.35,0.349938123486936,0.949870425392874,0.649979672511108,0.350013789488003,0.350015552248806
0.65,0.95,0.65,0.35,0.35,0.650060851199669,0.949907203379553,0.649996514752274,0.349970510309504,0.350012619790505
0.95,0.95,0.65,0.35,0.35,0.949887081980705,0.949891687254421,0.650001926813275,0.34999104985036,0.349967355257832
0.05,0.05,0.95,0.35,0.35,0.0499984782654792,0.050015494809486,0.950006711180322,0.349984896369278,0.350006139487959
0.35,0.05,0.95,0.35,0.35,0.349963495391421,0.0499792146729305,0.949997852207161,0.349989683250897,0.350000637117773
0.65,0.05,0.95,0.35,0.35,0.649981499882415,0.0500105477403849,0.950006944709457,0.349999591126107,0.350002599996515
0.95,0.05,0.95,0.35,0.35,0.949944078689441,0.0499163573840633,0.950004924787208,0.349995905067772,0.349984082044102
0.05,0.35,0.95,0.35,0.35,0.0499917371198535,0.350041366997175,0.949999760370702,0.349994024611078,0.349995212513022
0.35,0.35,0.95,0.35,0.35,0.350001037222682,0.34993168804067,0.949995126051363,0.349995404132642,0.349992837487662
0.65,0.35,0.95,0.35,0.35,0.649975763612019,0.349878218388767,0.950000091186666,0.35000607973052,0.350004014158912
0.95,0.35,0.95,0.35,0.35,0.949959551537177,0.350029067136347,0.949993076384999,0.349995786324143,0.349998637655517
0.05,0.65,0.95,0.35,0.35,0.0500225259456784,0.650045115617104,0.949993992689997,0.350004190928303,0.350009506102651
0.35,0.65,0.95,0.35,0.35,0.350087270140648,0.650025404989719,0.949999310076237,0.349991880357265,0.349995233118534
0.65,0.65,0.95,0.35,0.35,0.650038111722097,0.649876782670617,0.949990300112404,0.350004083011299,0.350000326288864
0.95,0.65,0.95,0.35,0.35,0.949932376272045,0.649914137320593,0.9500023011351,0.349988694069907,0.349996922537684
0.05,0.95,0.95,0.35,0.35,0.0500436138318037,0.949952715061954,0.950006634557212,0.349999508907786,0.349997874240216
0.35,0.95,0.95,0.35,0.35,0.350008814493776,0.949947623288608,0.950002353958553,0.349999306279642,0.34998803480994
0.65,0.95,0.95,0.35,0.35,0.650024582719197,0.949975702125812,0.950003586440289,0.350000246602576,0.349985758744879
0.95,0.95,0.95,0.35,0.35,0.949916264478816,0.949997817260737,0.94999822875252,0.349999015728827,0.35000922378822
0.05,0.05,0.05,0.65,0.35,0.0511892697977601,0.0259781010900042,0.0490531471805298,0.663071382929047,0.357091484620469
0.35,0.05,0.05,0.65,0.35,0.350225095869973,0.0425616435240954,0.0374494210118428,0.878132689162157,0.473419521469623
0.65,0.05,0.05,0.65,0.35,0.650980589123719,0.00399244083200756,0.0757655294582946,0.417495417097598,0.22498466077559
0.95,0.05,0.05,0.65,0.35,0.950250762996802,0.0301283630469698,0.0464327633962967,0.702316446369878,0.378221759656299
0.05,0.35,0.05,0.65,0.35,0.0486722122586798,0.480443751264829,0.0330971683724783,0.999292166728992,0.538424725469667
0.35,0.35,0.05,0.65,0.35,0.356774350737396,0.12688842487114,0.0588703186294879,0.547672804277681,0.294205618127307
0.65,0.35,0.05,0.65,0.35,0.650812632171437,0.301257261657156,0.04977237212006,0.653100938419811,0.351772317430004
0.95,0.35,0.05,0.65,0.35,0.949672778731838,0.414272005451494,0.0538678426109982,0.601065563334487,0.323735047717491
0.05,0.65,0.05,0.65,0.35,0.0499667106196284,0.685306811850751,0.0475476996798534,0.6853657028405,0.368980005965568
0.35,0.65,0.05,0.65,0.35,0.346971482678782,0.81613603697042,0.0373948558408301,0.878656113491161,0.473754301085137
0.65,0.65,0.05,0.65,0.35,0.645964141345758,0.73391208373323,0.0654577368532046,0.488755827347632,0.262731395832816
0.95,0.65,0.05,0.65,0.35,0.949176782887662,0.963159812992672,0.0510864808748011,0.635525314282859,0.342111647798447
0.05,0.95,0.05,0.65,0.35,0.0498554185032845,0.821054577827454,0.0576286241412163,0.559210360050201,0.301001287996769
0.35,0.95,0.05,0.65,0.35,0.350607179560143,0.711786216017913,0.0648166993237282,0.493551194752854,0.265280567042282
0.65,0.95,0.05,0.65,0.35,0.648377570061712,0.927561283489922,0.0561370050709229,0.575971792655764,0.310248116118601
0.95,0.95,0.05,0.65,0.35,0.951461392396595,0.52612193414825,0.046149159577908,0.707133368530776,0.3806982121896
0.05,0.05,0.35,0.65,0.35,0.0500372765236534,0.0501057339133695,0.350043437094428,0.649877758143703,0.349940007959958
0.35,0.05,0.35,0.65,0.35,0.349921648390591,0.0499599763425067,0.349644276313484,0.650968652567826,0.350524315959774
0.65,0.05,0.35,0.65,0.35,0.649997168571645,0.0499897807185334,0.350007437920794,0.649982030396131,0.349993676956728
0.95,0.05,0.35,0.65,0.35,0.948884374578483,0.0479496823172667,0.350223038389231,0.649453848338453,0.349637672952667
0.05,0.35,0.35,0.65,0.35,0.0498926657019183,0.350761402631178,0.349886250449345,0.650284732691944,0.350161937298253
0.35,0.35,0.35,0.65,0.35,0.349572638981044,0.348947996797506,0.350034131784923,0.6499873388384,0.349966650857823
0.65,0.35,0.35,0.65,0.35,0.650116349424934,0.350264986947877,0.349942645465489,0.650160084391246,0.3500762914191
0.95,0.35,0.35,0.65,0.35,0.949872194905765,0.34964206154109,0.350044081831584,0.64988882796024,0.350002469029278
0.05,0.65,0.35,0.65,0.35,0.049497296095069,0.650773181325349,0.350228395000158,0.649331395590707,0.349631514467546
0.35,0.65,0.35,0.65,0.35,0.349825270008296,0.649503416731022,0.350128327147104,0.649654583656229,0.349833215586841
0.65,0.65,0.35,0.65,0.35,0.650045814923942,0.649637540918775,0.350111664854921,0.649697658489458,0.349842290626839
0.95,0.65,0.35,0.65,0.35,0.949979642209655,0.650026628623891,0.349999991805817,0.650004136026837,0.34995566130965
0.05,0.95,0.35,0.65,0.35,0.0500679494871292,0.949936419347068,0.349946929258294,0.650135789153865,0.350080299132969
0.35,0.95,0.35,0.65,0.35,0.350051946472377,0.95042396595818,0.349876841821242,0.65031171272858,0.350193983409554
0.65,0.95,0.35,0.65,0.35,0.649973462510388,0.949751212552655,0.350021897058468,0.649928593862569,0.349978547979845
0.95,0.95,0.35,0.65,0.35,0.949895129400829,0.949365743887029,0.350235703503131,0.649263928477012,0.349597181040735
0.05,0.05,0.65,0.65,0.35,0.0498961403500289,0.0501108552562073,0.649981890921481,0.650047179777175,0.350007695844397
0.35,0.05,0.65,0.65,0.35,0.350074362009764,0.0498832315206528,0.649994587525725,0.650035569444299,0.349987894296646
0.65,0.05,0.65,0.65,0.35,0.650003540802572,0.0499675141254556,0.650012976926519,0.650028247771843,0.349967938156624
0.95,0.05,0.65,0.65,0.35,0.950126896146685,0.050159698468633,0.65000036417041,0.649981534574181,0.349994955118746
0.05,0.35,0.65,0.65,0.35,0.0499478034489584,0.350179038588976,0.64998241781359,0.650040441052624,0.350007258950427
0.35,0.35,0.65,0.65,0.35,0.350066067534499,0.350009682239033,0.650006764451973,0.649995152489282,0.349994460935704
0.65,0.35,0.65,0.65,0.35,0.650134982352029,0.350075157461106,0.650006595140439,0.649972177481686,0.349994429765502
0.95,0.35,0.65,0.65,0.35,0.949979036435252,0.350034575498285,0.649988693352498,0.650034019134182,0.350026904834522
0.05,0.65,0.65,0.65,0.35,0.0499279929790646,0.649965901277028,0.650005926960148,0.649994056322612,0.349977447185665
0.35,0.65,0.65,0.65,0.35,0.349905381561257,0.64992942858953,0.649992073769681,0.650027309427969,0.350014182506129
0.65,0.65,0.65,0.65,0.35,0.650022342801094,0.649961449205875,0.650018632411957,0.649981185793877,0.349959328770638
0.95,0.65,0.65,0.65,0.35,0.949849708544207,0.649838849269145,0.650029458578501,0.649955907851108,0.349974955977814
0.05,0.95,0.65,0.65,0.35,0.05001618762617,0.949989757500589,0.649994491890538,0.650006407668116,0.350005608255742
0.35,0.95,0.65,0.65,0.35,0.349959328770638,0.949953310191631,0.650012336671352,0.649973630905151,0.349982589483261
0.65,0.95,0.65,0.65,0.35,0.650007414951688,0.950130278208235,0.649994988161779,0.65001837570162,0.349994580596103
0.95,0.95,0.65,0.65,0.35,0.950037956237793,0.949963822960854,0.64999944716692,0.649996668100357,0.349987961351871
0.05,0.05,0.95,0.65,0.35,0.0499396536324639,0.0499351912876591,0.950004437851021,0.649997696862556,0.349984053173102
0.35,0.05,0.95,0.65,0.35,0.350053227535682,0.0500060091144405,0.949994629831053,0.649998022738146,0.350003568048123
0.65,0.05,0.95,0.65,0.35,0.650071004056372,0.0499194901203737,0.950002559227869,0.649972888408229,0.349995133816265
0.95,0.05,0.95,0.65,0.35,0.950052108732052,0.049999991315417,0.94999371713493,0.650008152937517,0.350012546870857
0.05,0.35,0.95,0.65,0.35,0.0500233652201132,0.349911609533592,0.950001007149694,0.649994747924211,0.350000056554563
0.35,0.35,0.95,0.65,0.35,0.349974308162928,0.350055769085884,0.950000490993261,0.649996051564813,0.349986402317882
0.65,0.35,0.95,0.65,0.35,0.649976455955766,0.350000027799979,0.950001721037552,0.64999545016326,0.349999818834476
0.95,0.35,0.95,0.65,0.35,0.950033240951598,0.349996566772461,0.950004760175943,0.649993454571813,0.350001572631299
0.05,0.65,0.95,0.65,0.35,0.0499728388313088,0.649934455213952,0.950004311256635,0.649994764884468,0.349997879580769
0.35,0.65,0.95,0.65,0.35,0.350015476476983,0.649974959211249,0.949990587221691,0.650005376206536,0.350004508829443
0.65,0.65,0.95,0.65,0.35,0.650038758962182,0.650015655250172,0.950003463833127,0.649995984880661,0.350000752558117
0.95,0.65,0.95,0.65,0.35,0.949990770393924,0.650016049730766,0.9500007108727,0.6500003033143,0.349996638862649
0.05,0.95,0.95,0.65,0.35,0.0499386839801446,0.950052250409499,0.950000110315159,0.650003269664012,0.350002002902329
0.35,0.95,0.95,0.65,0.35,0.349911545479699,0.950046421525258,0.950001306400736,0.649991292875711,0.349993509105843
0.65,0.95,0.95,0.65,0.35,0.650021411129273,0.950011026114225,0.950008968589827,0.649988882010803,0.34999437967781
0.95,0.95,0.95,0.65,0.35,0.94997450709343,0.950022876262665,0.949995338916779,0.650001257658005,0.350000292062759
0.05,0.05,0.05,0.95,0.35,0.0502964393235743,0.0350142597453669,0.0580785394413397,0.81095745624043,0.298701641848311
0.35,0.05,0.05,0.95,0.35,0.348661897995044,0.0304189123562537,0.0490575828007422,0.969305384060135,0.357092190010007
0.65,0.05,0.05,0.95,0.35,0.646386487875134,0.188125282526016,0.0633062225533649,0.740822118590586,0.272209087968804
0.95,0.05,0.05,0.95,0.35,0.947774961241521,0.854414105298929,0.0510868763085455,0.92881469882559,0.342184175737202
0.05,0.35,0.05,0.95,0.35,0.0513067639112705,0.332885750292917,0.048448559078679,0.982014842877106,0.361881969802198
0.35,0.35,0.05,0.95,0.35,0.355802899866831,0.394538694701623,0.0550547047751024,0.857963351969374,0.315898000524612
0.65,0.35,0.05,0.95,0.35,0.64979517935717,0.314032724279969,0.0583670041814912,0.807063126885623,0.297109963787079
0.95,0.35,0.05,0.95,0.35,0.950677547836676,0.801816213410348,0.0547462590620853,0.863529427238973,0.31767554092221
0.05,0.65,0.05,0.95,0.35,0.0526042693600175,0.700808096633409,0.0499278370698448,0.951366848545149,0.350563069659984
0.35,0.65,0.05,0.95,0.35,0.355621266033268,0.477259321385645,0.0509127595287282,0.932132233574521,0.343584716378246
0.65,0.65,0.05,0.95,0.35,0.651160868234001,0.611148155294359,0.0480205953354016,0.991254744818434,0.365425960160792
0.95,0.65,0.05,0.95,0.35,0.950715664308518,0.833697182242759,0.0519276581471786,0.912738218554296,0.336257869726978
0.05,0.95,0.05,0.95,0.35,0.0471912446864735,0.932375624048291,0.0483892974480113,0.983006757182011,0.362329407660582
0.35,0.95,0.05,0.95,0.35,0.351090928666963,0.84154858133661,0.053963527589076,0.876392946867782,0.322795747242708
0.65,0.95,0.05,0.95,0.35,0.652442603874078,0.746618884986674,0.0539374004874844,0.877611541931401,0.323059279908193
0.95,0.95,0.05,0.95,0.35,0.950115134764928,0.986506813942469,0.0507181934463006,0.935771798698624,0.344729502336122
0.05,0.05,0.35,0.95,0.35,0.0498781892747502,0.0501840892902692,0.349931218799611,0.950263571990945,0.350109813130985
0.35,0.05,0.35,0.95,0.35,0.350088089704514,0.0501189356436953,0.349981054081582,0.9500674365554,0.350039523094893
0.65,0.05,0.35,0.95,0.35,0.650394371536095,0.0504671252565458,0.350002126884647,0.950008107320173,0.349985259352252
0.95,0.05,0.35,0.95,0.35,0.949921867111698,0.0496152871128288,0.350031484682404,0.949817340377194,0.349979229591554
0.05,0.35,0.35,0.95,0.35,0.0497310200007632,0.350893580471165,0.350121627910994,0.949551032157615,0.349793239845894
0.35,0.35,0.35,0.95,0.35,0.350095037458232,0.350079631592962,0.35003356076777,0.949871146316582,0.349938555416884
0.65,0.35,0.35,0.95,0.35,0.650100546539761,0.350241957057733,0.349934178258991,0.950258009426761,0.350085413228953
0.95,0.35,0.35,0.95,0.35,0.949693635804579,0.349565803189762,0.350133299245499,0.949513706960715,0.349797937786207
0.05,0.65,0.35,0.95,0.35,0.049661681172438,0.651404637494124,0.349847848876379,0.950607841252349,0.35022174497135
0.35,0.65,0.35,0.95,0.35,0.350122690875651,0.650388534115336,0.349958684166268,0.950178362161751,0.350061384247965
0.65,0.65,0.35,0.95,0.35,0.649897566456275,0.649854883424268,0.350000747541344,0.949946227887267,0.350010107109483
0.95,0.65,0.35,0.95,0.35,0.949949222282157,0.649885695966077,0.349988556576136,0.950049964216305,0.35001216323144
0.05,0.95,0.35,0.95,0.35,0.0498895909404382,0.949577993247658,0.350050819222815,0.949722316348925,0.349950609961525
0.35,0.95,0.35,0.95,0.35,0.349827866186388,0.950548875960521,0.349960344610736,0.950133349513635,0.35007217770908
0.65,0.95,0.35,0.95,0.35,0.649983964394778,0.949988350272179,0.350007021799684,0.949966584332287,0.349979793187231
0.95,0.95,0.35,0.95,0.35,0.950122881280549,0.950193004291577,0.350017540305998,0.949935730139259,0.349965212655661
0.05,0.05,0.65,0.95,0.35,0.0500394452537876,0.0499436499958392,0.650004840237671,0.949990555891418,0.349975689088751
0.35,0.05,0.65,0.95,0.35,0.350010248308536,0.0501050901948474,0.650003364658915,0.949993904796429,0.349984181724722
0.65,0.05,0.65,0.95,0.35,0.649937983369455,0.0499859874835238,0.650010273209773,0.949971301131882,0.349975613760762
0.95,0.05,0.65,0.95,0.35,0.950043740449473,0.0499600126640871,0.649995874264278,0.949988974723965,0.350002715014853
0.05,0.35,0.65,0.95,0.35,0.0499704263056628,0.350039254728472,0.649970936996397,0.950078988476889,0.349998841556953
0.35,0.35,0.65,0.95,0.35,0.350080921809422,0.350108615210047,0.649999841989484,0.949996499577537,0.349990835180506
0.65,0.35,0.65,0.95,0.35,0.65010388943665,0.349829903314458,0.649982086539239,0.950044991339382,0.350033598595473
0.95,0.35,0.65,0.95,0.35,0.950024696998298,0.3499458914157,0.649996559252031,0.94998232414946,0.350013797637075
0.05,0.65,0.65,0.95,0.35,0.0499531574605498,0.650084172026254,0.649985699827084,0.950023332930868,0.350027551263338
0.35,0.65,0.65,0.95,0.35,0.350032711401582,0.649976448679809,0.650012064463226,0.949981144425692,0.349982638552319
0.65,0.65,0.65,0.95,0.35,0.650009562610649,0.649981753500469,0.650007081829244,0.949996035335062,0.350009023903112
0.95,0.65,0.65,0.95,0.35,0.95005664229393,0.649960696697235,0.650015771389008,0.95001232624054,0.349967479705811
0.05,0.95,0.65,0.95,0.35,0.0499668199554435,0.950155459882808,0.649974742882478,0.950066612909723,0.350013514165767
0.35,0.95,0.65,0.95,0.35,0.350020370911807,0.949928233865649,0.650012956466526,0.949960293713957,0.349977833684534
0.65,0.95,0.65,0.95,0.35,0.649999462068081,0.949941182509065,0.650016879662871,0.949971107766032,0.349964068736881
0.95,0.95,0.65,0.95,0.35,0.950098905013874,0.950748641742393,0.649984310148284,0.950008625397459,0.350017273565754
0.05,0.05,0.95,0.95,0.35,0.0499755041382741,0.0500111533910967,0.949993012560299,0.949997794989031,0.349994276475627
0.35,0.05,0.95,0.95,0.35,0.350013742085139,0.050026317643642,0.950009060768934,0.949994210124714,0.350001736907871
0.65,0.05,0.95,0.95,0.35,0.65001222176943,0.0499965987401083,0.950005329679698,0.950002154917456,0.350007257889956
0.95,0.05,0.95,0.95,0.35,0.949991325032897,0.0499856738606468,0.949997950461693,0.949998802505434,0.35000326030422
