alpha_acq_sh_in,alpha_ext_sh_in,alpha_acq_nosh_in,alpha_ext_nosh_in,Q0_in,alpha_acq_sh_out,alpha_ext_sh_out,alpha_acq_nosh_out,alpha_ext_nosh_out,Q0_out
0.05,0.05,0.05,0.05,0.05,0.0499987743387464,0.0500033169082599,0.0499975372076733,0.050000533927232,0.0499803407219588
0.35,0.05,0.05,0.05,0.05,0.350005619248805,0.0500030167540899,0.0500011998988157,0.0500003253796422,0.0499829560876606
0.65,0.05,0.05,0.05,0.05,0.649996465072036,0.0500019695609808,0.0500093754380941,0.0500006843358278,0.0499995332211256
0.95,0.05,0.05,0.05,0.05,0.94999711564742,0.0500019611790776,0.0500023560598493,0.0500008239177987,0.0500022248597816
0.05,0.35,0.05,0.05,0.05,0.049996104586171,0.350002212275285,0.0499957806314342,0.0499995432910509,0.0499914631363936
0.35,0.35,0.05,0.05,0.05,0.3500058102818,0.349995540176678,0.0499987696894095,0.0499997333408828,0.0499856721744436
0.65,0.35,0.05,0.05,0.05,0.649978037923574,0.35000436194241,0.0500105749815702,0.0500001776963472,0.049991812556982
0.95,0.35,0.05,0.05,0.05,0.94999168277036,0.350008374167373,0.0500063161948674,0.0499994936626535,0.050000069113139
0.05,0.65,0.05,0.05,0.05,0.0499988470746757,0.649991193264214,0.0500011812728189,0.0499990505213646,0.0499972257221089
0.35,0.65,0.05,0.05,0.05,0.349981292849407,0.650006840209244,0.0499993459670804,0.0500001655600499,0.0500116594776046
0.65,0.65,0.05,0.05,0.05,0.649984593910631,0.650018360040121,0.0500052764509746,0.0500005195572157,0.0499665514907974
0.95,0.65,0.05,0.05,0.05,0.950027321870948,0.650003549408211,0.0499979936594173,0.05000007937997,0.0499871357405937
0.05,0.95,0.05,0.05,0.05,0.0499975535203703,0.94998482207302,0.0499965307535604,0.0499986646755133,0.0500112298468594
0.35,0.95,0.05,0.05,0.05,0.349992774899874,0.949996488174293,0.0500001534078365,0.0500014572603504,0.0500118506088256
0.65,0.95,0.05,0.05,0.05,0.650040740903933,0.950011517765233,0.0500007898081094,0.0500001313630491,0.0500527599069756
0.95,0.95,0.05,0.05,0.05,0.950017931230832,0.950001676159445,0.0499980034073815,0.0499991546676029,0.0500107083644252
0.05,0.05,0.35,0.05,0.05,0.050001513416646,0.0500033626012737,0.350004590305616,0.0500046792512876,0.0500004110799637
0.35,0.05,0.35,0.05,0.05,0.34999655385036,0.0499999494059011,0.349995956756175,0.0500000267056748,0.0500028975075111
0.65,0.05,0.35,0.05,0.05,0.649985276162624,0.0500001137843356,0.349992715986446,0.0499995379941538,0.049998068716377
0.95,0.05,0.35,0.05,0.05,0.950009686290286,0.0500015021243598,0.349993579642614,0.0500001959153451,0.049982830794761
0.05,0.35,0.35,0.05,0.05,0.0500022330088541,0.350006574881263,0.350006159162149,0.0500014647841454,0.0500064329244196
0.35,0.35,0.35,0.05,0.05,0.349993139127037,0.349995226977626,0.349995805416256,0.0499990946846083,0.0500111048168037
0.65,0.35,0.35,0.05,0.05,0.650007560703671,0.350005865562707,0.350000787235331,0.050001150026219,0.0499910844082478
0.95,0.35,0.35,0.05,0.05,0.949989141197875,0.349991516792215,0.349996711534914,0.0499988889496308,0.0500210639438592
0.05,0.65,0.35,0.05,0.05,0.0499985405185726,0.64998640678823,0.349996303208172,0.0499985813512467,0.049985541641945
0.35,0.65,0.35,0.05,0.05,0.349983651423827,0.649997104890645,0.349988046567887,0.0499991945689544,0.0499982432229444
0.65,0.65,0.35,0.05,0.05,0.649981724884128,0.650001796049764,0.349999101017602,0.0499998545856215,0.0500157320057042
0.95,0.65,0.35,0.05,0.05,0.949977670505177,0.650001247326145,0.349995533644687,0.049999025388388,0.0500270090124104
0.05,0.95,0.35,0.05,0.05,0.049999707902316,0.949989444692619,0.349999785947148,0.0500002567132469,0.0500236289517488
0.35,0.95,0.35,0.05,0.05,0.350009334269998,0.950011531571363,0.350005122369112,0.0499997626393451,0.0499882271560637
0.65,0.95,0.35,0.05,0.05,0.649979810339573,0.949998735894042,0.350003423554881,0.049999187081994,0.0499759802696644
0.95,0.95,0.35,0.05,0.05,0.950026445003459,0.950004616082879,0.350001356186112,0.0500004538916983,0.050009299593512
0.05,0.05,0.65,0.05,0.05,0.0500003892543646,0.0499990069033629,0.649989783607452,0.0500004672080649,0.0499930466498881
0.35,0.05,0.65,0.05,0.05,0.349997994122532,0.0500007098034985,0.64999669521967,0.0500000131614797,0.0499996707403625
0.65,0.05,0.65,0.05,0.05,0.650005139026689,0.0499985162841767,0.649998257735206,0.0499999365074473,0.0500116967396025
0.95,0.05,0.65,0.05,0.05,0.950003687807111,0.0499993406447174,0.650003286839819,0.0500006399156518,0.0499992438740264
0.05,0.35,0.65,0.05,0.05,0.0500000189349521,0.349996076896787,0.649999446497532,0.0499988590308931,0.0499880600546021
0.35,0.35,0.65,0.05,0.05,0.350007232453208,0.349999162513996,0.65000872022938,0.0500001288019121,0.0500019464525394
0.65,0.35,0.65,0.05,0.05,0.650001726287883,0.350003624305828,0.649999002635013,0.0500009546231013,0.0500045765656978
0.95,0.35,0.65,0.05,0.05,0.949989210290369,0.34998972894391,0.649995321349707,0.0499995111895259,0.049998453410808
0.05,0.65,0.65,0.05,0.05,0.0500001013278961,0.650006806477904,0.649995619431138,0.0500007998198271,0.0499871242791414
0.35,0.65,0.65,0.05,0.05,0.349995691329241,0.650003741960973,0.649992228951305,0.0500001008622348,0.0500061744824052
0.65,0.65,0.65,0.05,0.05,0.649999142886372,0.650000041321618,0.65000167072867,0.0499995517020579,0.0500063755025622
0.95,0.65,0.65,0.05,0.05,0.949992685578763,0.650011011079187,0.649991217884235,0.0500007694354281,0.0500063053332269
0.05,0.95,0.65,0.05,0.05,0.0500003402339644,0.950000741402619,0.649996059924888,0.0499996983780875,0.0499745660054032
0.35,0.95,0.65,0.05,0.05,0.349992460571229,0.949998484924436,0.649995101150125,0.0499989073723555,0.050010493490845
0.65,0.95,0.65,0.05,0.05,0.64999801304657,0.950008408748545,0.649995546176797,0.0500003054912668,0.0499609280668665
0.95,0.95,0.65,0.05,0.05,0.94999542273581,0.950011179316789,0.650006675627083,0.0499995313584805,0.0500189075246453
0.05,0.05,0.95,0.05,0.05,0.0499992077529896,0.0500020801846404,0.949996067560278,0.0500009391980711,0.0500050729315262
0.35,0.05,0.95,0.05,0.05,0.349997419434658,0.0499988580704667,0.949990603352489,0.049999939474219,0.0500034891301766
0.65,0.05,0.95,0.05,0.05,0.650004648254253,0.0500007202208508,0.949998607771704,0.0500006520596799,0.0500007465307135
0.95,0.05,0.95,0.05,0.05,0.950001214834629,0.0499990255339071,0.949997267889557,0.0500001083419193,0.0500076960306615
0.05,0.35,0.95,0.05,0.05,0.0499993176308635,0.349995240401768,0.949993421410909,0.0499985265614669,0.0500176228961209
0.35,0.35,0.95,0.05,0.05,0.349996742217627,0.350006012158701,0.95000541715126,0.0499999773892341,0.0499793765193317
0.65,0.35,0.95,0.05,0.05,0.65000472869724,0.349995606113225,0.949998266063631,0.050000807736069,0.0499930041842163
0.95,0.35,0.95,0.05,0.05,0.949998602940468,0.349993876588996,0.950000476528658,0.0499986635986716,0.0499852385546546
0.05,0.65,0.95,0.05,0.05,0.050000274553895,0.6499845944345,0.950010294094682,0.049997853115201,0.0499837771058083
0.35,0.65,0.95,0.05,0.05,0.349995748499623,0.650003991915128,0.94999648885323,0.0499997442698259,0.0499862821961869
0.65,0.65,0.95,0.05,0.05,0.649998018547194,0.6500077706296,0.949998374271672,0.049998778878944,0.0500024351349566
0.95,0.65,0.95,0.05,0.05,0.949998963165854,0.650004312141391,0.950001327924838,0.0500008033341146,0.0499847850369406
0.05,0.95,0.95,0.05,0.05,0.0500001540876838,0.950020430396762,0.950004434584116,0.050000368786641,0.0500014722565538
0.35,0.95,0.95,0.05,0.05,0.349998952675378,0.949994350405177,0.950002153782407,0.0499995198042598,0.0500095336756203
0.65,0.95,0.95,0.05,0.05,0.6499981440993,0.949996564511821,0.949984307726481,0.0500000900483428,0.0500007369009836
0.95,0.95,0.95,0.05,0.05,0.950002071018389,0.950013065747044,0.950011606466433,0.0500011187541531,0.0500154175388161
0.05,0.05,0.05,0.35,0.05,0.049999748407572,0.0499989739328157,0.050001232768409,0.349997810772038,0.0499563790872344
0.35,0.05,0.05,0.35,0.05,0.34999701322522,0.0499976620776579,0.050000146497041,0.349996473756619,0.0500117127085105
0.65,0.05,0.05,0.35,0.05,0.64999481709674,0.0499999281018972,0.0499981596367434,0.349995218915865,0.0500047468813136
0.95,0.05,0.05,0.35,0.05,0.949992229812779,0.0500000214669853,0.0500015059951693,0.349995963973925,0.0499846795573831
0.05,0.35,0.05,0.35,0.05,0.0500013878045138,0.350002193737964,0.0500039345570258,0.350002285038499,0.0500290292056889
0.35,0.35,0.05,0.35,0.05,0.350003726913201,0.349990494940357,0.0500019786704797,0.349996021470361,0.0499989689396898
0.65,0.35,0.05,0.35,0.05,0.65000117890304,0.34998852404533,0.0499989981763065,0.349990399990929,0.0500325079483446
0.95,0.35,0.05,0.35,0.05,0.950007384293713,0.349994411575608,0.0500028346432373,0.349997901008464,0.050012826686725
0.05,0.65,0.05,0.35,0.05,0.0500002344851964,0.650013947408297,0.0500007602458936,0.350002009072341,0.0500006348083843
0.35,0.65,0.05,0.35,0.05,0.350002155377297,0.650001017813338,0.0499997243459802,0.350001592829358,0.0499865778838284
0.65,0.65,0.05,0.35,0.05,0.649988730903715,0.650005404022522,0.0499978243606165,0.349999538972043,0.0500354492105544
0.95,0.65,0.05,0.35,0.05,0.95003018938587,0.649998928973218,0.050004050397547,0.349995209922781,0.0499782615224831
0.05,0.95,0.05,0.35,0.05,0.0499993009434547,0.949993959104177,0.0500000899191946,0.350001002778299,0.0500238031963818
0.35,0.95,0.05,0.35,0.05,0.34998350054957,0.949999363481766,0.0499993685807567,0.349997751502087,0.0500045696389861
0.65,0.95,0.05,0.35,0.05,0.650040315667866,0.949998200434493,0.0500005164067261,0.34999347498524,0.0499787791632116
0.95,0.95,0.05,0.35,0.05,0.950032415334135,0.949999584816396,0.0500004850327969,0.34999818354845,0.0500211212784052
0.05,0.05,0.35,0.35,0.05,0.0500000800820999,0.049999649025267,0.349995524389669,0.349987072608201,0.0500147413986269
0.35,0.05,0.35,0.35,0.05,0.349998943624087,0.0499991348478943,0.349998610676266,0.349996913224459,0.0500096339965239
0.65,0.05,0.35,0.35,0.05,0.649988393415697,0.0499959231819957,0.350001735263504,0.349988153902814,0.0499997915467247
0.95,0.05,0.35,0.35,0.05,0.949994404712925,0.0500037286255974,0.349995770899113,0.350013104238315,0.0499902813171502
0.05,0.35,0.35,0.35,0.05,0.0500011345029634,0.350000608033952,0.350003608828047,0.350004917963815,0.0499882418462221
0.35,0.35,0.35,0.35,0.05,0.349994857706406,0.350005582300582,0.350000219679714,0.350006047072384,0.0499930520818452
0.65,0.35,0.35,0.35,0.05,0.650009392760694,0.349997001088923,0.350000258884393,0.350000693171751,0.0499979949381668
0.95,0.35,0.35,0.35,0.05,0.949991496279836,0.350002540275455,0.349997309967875,0.349998835474253,0.0499834436923265
0.05,0.65,0.35,0.35,0.05,0.0499984812340699,0.650002190843225,0.349992462055525,0.35000157658942,0.0500079704506788
0.35,0.65,0.35,0.35,0.05,0.349996496646781,0.650000954043207,0.349995578088055,0.349998409494219,0.0499975017555698
0.65,0.65,0.35,0.35,0.05,0.650005472358316,0.650001864880323,0.350004099309444,0.350000082980841,0.0499999863095582
0.95,0.65,0.35,0.35,0.05,0.95001094986219,0.650012164842337,0.349999827565625,0.350008196779527,0.0499851574422792
0.05,0.95,0.35,0.35,0.05,0.0500001522159437,0.949991203357058,0.34999354872707,0.350000731101318,0.0499908247365966
0.35,0.95,0.35,0.35,0.05,0.349996468088648,0.949987888270698,0.349992741299502,0.34999692026031,0.0499939675501082
0.65,0.95,0.35,0.35,0.05,0.650001116446219,0.949995221802965,0.350002918858081,0.34999889775645,0.0499841704731807
0.95,0.95,0.35,0.35,0.05,0.949992264857428,0.950005619351941,0.349992273419048,0.35000143869911,0.0500098610373243
0.05,0.05,0.65,0.35,0.05,0.0499994768179022,0.0499986143840943,0.650007764721522,0.349974291602848,0.0499997571168933
0.35,0.05,0.65,0.35,0.05,0.350003986910451,0.0500038536847569,0.650001047324622,0.350004581705434,0.0499994732963387
0.65,0.05,0.65,0.35,0.05,0.649998262513691,0.0500022054384317,0.649989404964799,0.349997828870983,0.0499945083556668
0.95,0.05,0.65,0.35,0.05,0.949999993288657,0.0500007946393453,0.650003927905345,0.350002392922761,0.0499975264829118
0.05,0.35,0.65,0.35,0.05,0.050000824034214,0.349997661542147,0.650009318254888,0.349993507843465,0.0499683427624404
0.35,0.35,0.65,0.35,0.05,0.349996914737858,0.350002837716602,0.64999872376211,0.349999178666621,0.0499907485209405
0.65,0.35,0.65,0.35,0.05,0.650000426103361,0.349999148515053,0.650009375880472,0.349998281919397,0.0499855619855225
0.95,0.35,0.65,0.35,0.05,0.949991000816226,0.34999786503613,0.650000378489494,0.349995527416468,0.0500204209238291
0.05,0.65,0.65,0.35,0.05,0.0500000538886525,0.649991626472911,0.649996847118018,0.349992649978958,0.0499744967964943
0.35,0.65,0.65,0.35,0.05,0.350000186241232,0.649998398032039,0.650005605421029,0.349996599834412,0.0500096282921731
0.65,0.65,0.65,0.35,0.05,0.649994515581056,0.650002860813402,0.649992782971822,0.350000587874092,0.0499862961005419
0.95,0.65,0.65,0.35,0.05,0.950000162614742,0.650007335760165,0.650000182213262,0.350003748404561,0.0500063856889028
0.05,0.95,0.65,0.35,0.05,0.0499989367090166,0.949996146082412,0.64999884532881,0.349999704369111,0.0500301038264297
0.35,0.95,0.65,0.35,0.05,0.349996664685023,0.94999728527182,0.649993337399792,0.350004637541133,0.0500385229606763
0.65,0.95,0.65,0.35,0.05,0.649996064797961,0.949998648793553,0.649999185072375,0.350000810532947,0.0500046758807002
0.95,0.95,0.65,0.35,0.05,0.949996707284299,0.949997330993938,0.649994157436595,0.349997012257518,0.0499759667509352
0.05,0.05,0.95,0.35,0.05,0.0500001215696102,0.0499891695653787,0.950029782041383,0.349925064983836,0.0499964766495395
0.35,0.05,0.95,0.35,0.05,0.34999717969913,0.0499990944517776,0.94999716093298,0.349993331357837,0.0499967734795064
0.65,0.05,0.95,0.35,0.05,0.649999167479109,0.0500012815464288,0.950004008511314,0.350011448841542,0.0499738954240456
0.95,0.05,0.95,0.35,0.05,0.950006127997767,0.0499994953279383,0.950001876830356,0.349993644922506,0.0500114138412755
0.05,0.35,0.95,0.35,0.05,0.0499991588294506,0.350000867154449,0.950002295896411,0.349994970485568,0.0500313974916935
0.35,0.35,0.95,0.35,0.05,0.349999613768887,0.350003599683987,0.949996700044721,0.350004751846427,0.0499734855256975
0.65,0.35,0.95,0.35,0.05,0.649998299777508,0.350004835054278,0.949987342581153,0.350006278604269,0.0500095039606094
0.95,0.35,0.95,0.35,0.05,0.949998010308263,0.349990515658646,0.950004069776696,0.349992338344236,0.050045924313963
0.05,0.65,0.95,0.35,0.05,0.0500001438776962,0.649996423249831,0.950004123675171,0.349997964425711,0.0500400937453378
0.35,0.65,0.95,0.35,0.05,0.349993999901926,0.650003490503877,0.9499906427518,0.350000517792068,0.0500471666746307
0.65,0.65,0.95,0.35,0.05,0.6500050383911,0.64999439715757,0.94999743369408,0.350000583333895,0.0499590454855934
0.95,0.65,0.95,0.35,0.05,0.949994147755206,0.650005080737174,0.949997981195338,0.350003547151573,0.0500167063437402
0.05,0.95,0.95,0.35,0.05,0.0499990717507899,0.949998207390308,0.94999613519758,0.350002704653889,0.0499860094860196
0.35,0.95,0.95,0.35,0.05,0.350003272498725,0.950003513018601,0.950005123653682,0.350001362647163,0.0500037103774957
0.65,0.95,0.95,0.35,0.05,0.650001453584991,0.950002341880463,0.950001975987107,0.349993070587516,0.0499799945391715
0.95,0.95,0.95,0.35,0.05,0.949995974975536,0.95001095212865,0.950001969733421,0.350003839674173,0.0500322534844599
0.05,0.05,0.05,0.65,0.05,0.0499998624155751,0.0500021589409698,0.0500018136090148,0.649996422835329,0.0499882042878426
0.35,0.05,0.05,0.65,0.05,0.349996707514947,0.0500010089654097,0.0500015566958609,0.650004538112626,0.0499775674143166
0.65,0.05,0.05,0.65,0.05,0.650007839431055,0.0499997509177774,0.0500006841029972,0.650007914169692,0.0499963650945574
0.95,0.05,0.05,0.65,0.05,0.949985790764913,0.0500007633818313,0.0499988343799487,0.65000460180454,0.049992500571534
0.05,0.35,0.05,0.65,0.05,0.0500004648056347,0.349996755889151,0.0500042447820306,0.649990469129989,0.0500262509740423
0.35,0.35,0.05,0.65,0.05,0.349997124605579,0.35000270861201,0.0500002623011824,0.649993908446049,0.0500139118521474
0.65,0.35,0.05,0.65,0.05,0.650000629735587,0.349991357150429,0.049999577444396,0.649985443560581,0.0499886192264967
0.95,0.35,0.05,0.65,0.05,0.950018526578788,0.349994475225685,0.0500013383571059,0.650000419002026,0.0500219875248149
0.05,0.65,0.05,0.65,0.05,0.049998493399471,0.650001245114254,0.0499929627694655,0.650002150359796,0.0499677654297557
0.35,0.65,0.05,0.65,0.05,0.349994663876714,0.649994258274091,0.0499991838878486,0.650001687783515,0.0499990567623172
0.65,0.65,0.05,0.65,0.05,0.649995584273711,0.650003600167111,0.0499999830499291,0.650003052665852,0.0500419443706051
0.95,0.65,0.05,0.65,0.05,0.949982900172472,0.649992672726512,0.0499984603375196,0.649990893900394,0.0500049721449614
0.05,0.95,0.05,0.65,0.05,0.0499999366875272,0.949992598209064,0.0499990678217728,0.649999982560985,0.0500201512186322
0.35,0.95,0.05,0.65,0.05,0.350001387385419,0.950002482364653,0.0500006921647582,0.649991824611789,0.0500008752860595
0.65,0.95,0.05,0.65,0.05,0.649981298949569,0.949995868577389,0.0499976195860654,0.650002274254803,0.0499558689189143
0.95,0.95,0.05,0.65,0.05,0.95000791754137,0.949997679424996,0.0500030635885196,0.650002448019222,0.0499962101821438
0.05,0.05,0.35,0.65,0.05,0.0500008236849681,0.0499982787878253,0.350006617343752,0.650010818848386,0.0499759451777209
0.35,0.05,0.35,0.65,0.05,0.349991067545488,0.0499995518475771,0.349991734372452,0.65001452609431,0.0500237385276705
0.65,0.05,0.35,0.65,0.05,0.64999609568622,0.049998834496364,0.349995312513784,0.650010968442075,0.0499843534780666
0.95,0.05,0.35,0.65,0.05,0.949991770292399,0.0499999844105332,0.349994635420444,0.650000622124935,0.0500012525153579
0.05,0.35,0.35,0.65,0.05,0.0499988049268723,0.350010248832405,0.349994337651879,0.65002216398716,0.0500037549063563
0.35,0.35,0.35,0.65,0.05,0.350000150385313,0.350008153094677,0.350001342885662,0.650003463670146,0.0499931739468593
0.65,0.35,0.35,0.65,0.05,0.649993437975354,0.350003099134483,0.350001231963688,0.64999921782146,0.0500014785575331
0.95,0.35,0.35,0.65,0.05,0.949996211165853,0.350004500251089,0.350000850208744,0.650003133749124,0.049973748245975
0.05,0.65,0.35,0.65,0.05,0.0500003595370799,0.650000054505654,0.349995891563594,0.650005565723404,0.0499756261706352
0.35,0.65,0.35,0.65,0.05,0.350000866688788,0.650003325659782,0.350000192876905,0.650005324743688,0.0499896602705121
0.65,0.65,0.35,0.65,0.05,0.649991241516545,0.649998871143907,0.349994864198379,0.649994262959808,0.0499784585554153
0.95,0.65,0.35,0.65,0.05,0.949989911401644,0.650007887859829,0.349995347554795,0.650009719887748,0.0500239073298872
0.05,0.95,0.35,0.65,0.05,0.0500003001434379,0.950003084224591,0.350003902480239,0.650003448223288,0.0499720976004028
0.35,0.95,0.35,0.65,0.05,0.349999902013224,0.950006053433754,0.350000012607779,0.650000016001286,0.0499891298823059
0.65,0.95,0.35,0.65,0.05,0.650007706193719,0.949996091861976,0.350004755571717,0.650007581483806,0.0500062376668211
0.95,0.95,0.35,0.65,0.05,0.949988632084569,0.949998550822784,0.350001706785406,0.650001261114085,0.050005875658826
0.05,0.05,0.65,0.65,0.05,0.0499998409504769,0.0500010153191397,0.649993210361572,0.649923242839577,0.0500137415074278
0.35,0.05,0.65,0.65,0.05,0.349993965704925,0.0499958072323352,0.649992066784762,0.649985289899632,0.0500035709701478
0.65,0.05,0.65,0.65,0.05,0.649998721317388,0.0500009686220437,0.650001668604091,0.650011541321874,0.050009515020065
0.95,0.05,0.65,0.65,0.05,0.950000369601185,0.0500057341341744,0.650005129165947,0.649999912740896,0.0499881488503888
0.05,0.35,0.65,0.65,0.05,0.0499993376433849,0.349992260686122,0.64998953230679,0.649981810129248,0.0499907545745373
0.35,0.35,0.65,0.65,0.05,0.349994491320103,0.349999733269215,0.649987510871142,0.650003872346133,0.050033641513437
0.65,0.35,0.65,0.65,0.05,0.649999179877341,0.350002143532038,0.650000526104122,0.649996849708259,0.0499775246717036
0.95,0.35,0.65,0.65,0.05,0.949995243689045,0.350003786850721,0.649997529253596,0.650009129451064,0.0500117869232781
0.05,0.65,0.65,0.65,0.05,0.0499996870057657,0.649999860062962,0.649994233681355,0.649998028675327,0.0500206272408832
0.35,0.65,0.65,0.65,0.05,0.349997916579014,0.649998130218592,0.649997829488711,0.649998270586366,0.0499846061284188
0.65,0.65,0.65,0.65,0.05,0.649998160195537,0.650005053845234,0.650001088739373,0.649998594890349,0.0499970903620124
0.95,0.65,0.65,0.65,0.05,0.949983894010074,0.649998457171023,0.650003692368045,0.650002590147778,0.0499601224437356
0.05,0.95,0.65,0.65,0.05,0.0499997399747372,0.949993932619691,0.649978693574667,0.650003544986248,0.0499831717461348
0.35,0.95,0.65,0.65,0.05,0.350002996558032,0.950000837103289,0.650012788391905,0.649997963038913,0.0500238820895902
0.65,0.95,0.65,0.65,0.05,0.650006587617099,0.949996507260948,0.6499955477193,0.649998382665217,0.0499960668385029
0.95,0.95,0.65,0.65,0.05,0.94999536476098,0.95000276574865,0.649993890547194,0.649999891407788,0.0500370650552213
0.05,0.05,0.95,0.65,0.05,0.0500008761882782,0.0499962475150824,0.949995685368776,0.650027718394995,0.0499885436147451
0.35,0.05,0.95,0.65,0.05,0.349997063814953,0.0500036499797716,0.94999789117719,0.650001310474181,0.0500031367337215
0.65,0.05,0.95,0.65,0.05,0.650004373514093,0.0500038411701098,0.949996633105911,0.65000805305317,0.050020573893562
0.95,0.05,0.95,0.65,0.05,0.949995381641202,0.0499964981572703,0.950004059239291,0.64997946866788,0.0500255306251347
0.05,0.35,0.95,0.65,0.05,0.0499995509162545,0.350001084152609,0.950001445133239,0.649967746343464,0.0499949441291392
0.35,0.35,0.95,0.65,0.05,0.350002499064431,0.349994476535358,0.950005993247032,0.649973350693472,0.0500254849903286
0.65,0.35,0.95,0.65,0.05,0.650000218942296,0.34999476763187,0.949994416587288,0.649992267542984,0.050001734867692
0.95,0.35,0.95,0.65,0.05,0.949995165225118,0.349994364660233,0.949987928848714,0.649981725029647,0.0500103123486042
0.05,0.65,0.95,0.65,0.05,0.0500002247281373,0.649997930508107,0.950003711041063,0.649999840185046,0.0500117391347885
0.35,0.65,0.95,0.65,0.05,0.349997289042221,0.649995504558319,0.949990481603891,0.650002118694829,0.0499718273931649
0.65,0.65,0.95,0.65,0.05,0.649999858163937,0.650007436772285,0.949997050011007,0.64999873436318,0.0499949374789139
0.95,0.65,0.95,0.65,0.05,0.949999142787419,0.649998358334415,0.949995124596171,0.649996888241731,0.0500422875629738
0.05,0.95,0.95,0.65,0.05,0.0500001163163688,0.949989105429268,0.950010530243162,0.64999883598648,0.0500012304983102
0.35,0.95,0.95,0.65,0.05,0.349997787969187,0.949998415424488,0.949986101011746,0.650006960582687,0.0500154277251568
0.65,0.95,0.95,0.65,0.05,0.649999684188515,0.949995749280788,0.950005288934335,0.649994719075039,0.0500104705570266
0.95,0.95,0.95,0.65,0.05,0.949998454831075,0.949998830357799,0.949990371154854,0.649998421344208,0.0499839630210772
0.05,0.05,0.05,0.95,0.05,0.0500009345414583,0.0499968460644595,0.0500032236159313,0.950019098410849,0.0499726952111814
0.35,0.05,0.05,0.95,0.05,0.349998523015529,0.049998770467937,0.0499992049299181,0.949993651825935,0.0499896970577538
0.65,0.05,0.05,0.95,0.05,0.650018064101459,0.0499985127244145,0.0500016450532712,0.950010370550444,0.0499808632303029
0.95,0.05,0.05,0.95,0.05,0.949988375743487,0.0500020013855647,0.0499941345356092,0.950009718154433,0.0499903311388152
0.05,0.35,0.05,0.95,0.05,0.0499997005681507,0.349999747297261,0.0500013715645764,0.950005537248217,0.0499923003371805
0.35,0.35,0.05,0.95,0.05,0.349994194926694,0.349993123323657,0.0499950360972434,0.949992286856286,0.050003794953227
0.65,0.35,0.05,0.95,0.05,0.650007000193,0.349995648371987,0.0499990803655237,0.950008294428699,0.0500020161271095
0.95,0.35,0.05,0.95,0.05,0.949982534279115,0.350000398466364,0.0500009164679796,0.950007260544226,0.0500371089437976
0.05,0.65,0.05,0.95,0.05,0.0499986451841323,0.649998222688282,0.0499942527280837,0.949997914842243,0.0499967135783663
0.35,0.65,0.05,0.95,0.05,0.350001772239921,0.64999348459969,0.0500033960706787,0.950003848745837,0.0499906864424702
0.65,0.65,0.05,0.95,0.05,0.649989174329676,0.649997459142469,0.0499978427542374,0.949992173817009,0.0500033921562135
0.95,0.65,0.05,0.95,0.05,0.950010671062046,0.649995988977025,0.050002383402898,0.95000370471098,0.0499861849384615
0.05,0.95,0.05,0.95,0.05,0.0500003492470569,0.949995813403802,0.0500028488277167,0.95000296319995,0.050043410361468
0.35,0.95,0.05,0.95,0.05,0.350001268903725,0.950001981749665,0.0500007671944331,0.949997989751864,0.0499743444379419
0.65,0.95,0.05,0.95,0.05,0.649991899495944,0.949999297503382,0.0500030171824619,0.95000374619849,0.0500287526519969
0.95,0.95,0.05,0.95,0.05,0.950006634346209,0.95000280381646,0.0499986406648532,0.949997149873525,0.0500308519694954
0.05,0.05,0.35,0.95,0.05,0.0499990548196365,0.0500100764475064,0.349987176887225,0.949978585755161,0.0499752756441012
0.35,0.05,0.35,0.95,0.05,0.35000032314565,0.0500022628693841,0.350000907608774,0.95002894999925,0.0500220585381612
0.65,0.05,0.35,0.95,0.05,0.649998654378578,0.0500009465031326,0.349996971315704,0.949955700314604,0.0499923652969301
0.95,0.05,0.35,0.95,0.05,0.949997922320108,0.0499966718853102,0.349997623165109,0.949990833770698,0.0500282133984911
0.05,0.35,0.35,0.95,0.05,0.0499996593807737,0.350002988987399,0.349996037504752,0.950010619264503,0.0500345039072272
0.35,0.35,0.35,0.95,0.05,0.350005390297156,0.349994761141716,0.350007500994252,0.949994210881414,0.0500217019289266
0.65,0.35,0.35,0.95,0.05,0.649999814340845,0.350000474485569,0.349997613579035,0.949992954265326,0.0499737687641755
0.95,0.35,0.35,0.95,0.05,0.949999599950388,0.349999497877434,0.350005246582441,0.949999725795351,0.0500216017244384
0.05,0.65,0.35,0.95,0.05,0.0499994510610122,0.649994789273478,0.349992216972169,0.950004843616625,0.0500097513431683
0.35,0.65,0.35,0.95,0.05,0.350003895669943,0.649995920364745,0.350001030776184,0.950002163590398,0.0500119090138469
0.65,0.65,0.35,0.95,0.05,0.650004384842759,0.6499886709571,0.350004927684495,0.949998030038842,0.0500052870556829
0.95,0.65,0.35,0.95,0.05,0.949982534679293,0.649997757092933,0.349991381437576,0.950006649502029,0.0500249247270403
0.05,0.95,0.35,0.95,0.05,0.0499993527191691,0.949998574506026,0.349994420976145,0.949998550000601,0.049954379996052
0.35,0.95,0.35,0.95,0.05,0.349997746905501,0.950005556631368,0.349992306688364,0.950000358508987,0.0500115741851914
0.65,0.95,0.35,0.95,0.05,0.649993488681503,0.950000964570791,0.350002443883568,0.950000269222073,0.0500174043700099
0.95,0.95,0.35,0.95,0.05,0.950016152928583,0.950006572646089,0.35000301618129,0.94999387441203,0.050013093627058
0.05,0.05,0.65,0.95,0.05,0.0499974482954713,0.0499948016076814,0.649983991264889,0.949941398670489,0.0500192915424122
0.35,0.05,0.65,0.95,0.05,0.349995687254705,0.0500025262590498,0.649994152481668,0.950015346403234,0.0499892025254667
0.65,0.05,0.65,0.95,0.05,0.65000502087787,0.0500012179036275,0.649996211825055,0.949970732654037,0.0500185057899216
0.95,0.05,0.65,0.95,0.05,0.949985455750721,0.0499933604442049,0.649995811865665,0.950007600564277,0.0499657289474271
0.05,0.35,0.65,0.95,0.05,0.0499985760761774,0.350002616964048,0.64997638692148,0.949983047605201,0.0499766989523778
0.35,0.35,0.65,0.95,0.05,0.350000718724914,0.349999269936234,0.650011174147949,0.95001189224422,0.050026907469146
0.65,0.35,0.65,0.95,0.05,0.649999866378494,0.349995216820389,0.650000644964166,0.949999594129622,0.0499706125119701
0.95,0.35,0.65,0.95,0.05,0.950009782332927,0.349998014979064,0.65000149293337,0.950013954541646,0.049918350065127
0.05,0.65,0.65,0.95,0.05,0.0500009506940842,0.650008011609316,0.650006834417582,0.950010076165199,0.0500052236020565
0.35,0.65,0.65,0.95,0.05,0.349999120080611,0.649997505533975,0.649998602864798,0.949992090580054,0.0500079876219388
0.65,0.65,0.65,0.95,0.05,0.649999245535582,0.64999207155779,0.64999532699585,0.949985993094742,0.0500214449129999
0.95,0.65,0.65,0.95,0.05,0.949993011192419,0.649992780592584,0.649995709500217,0.949996539209678,0.0499663376176613
0.05,0.95,0.65,0.95,0.05,0.049999574002868,0.949999787269917,0.650002094451338,0.949998988326115,0.0500166041820194
0.35,0.95,0.65,0.95,0.05,0.35000192001462,0.949999587144703,0.650002036243677,0.949995033908635,0.0499989944510162
0.65,0.95,0.65,0.95,0.05,0.650009844859596,0.949989550892496,0.649998888315167,0.949999521166319,0.0499766221619211
0.95,0.95,0.65,0.95,0.05,0.950005508464528,0.950000639306381,0.650000438123243,0.949998334224802,0.050000205199467
0.05,0.05,0.95,0.95,0.05,0.0500016473670257,0.0500016360238078,0.950000262106187,0.950016455499281,0.0500135862530442
0.35,0.05,0.95,0.95,0.05,0.350001615966903,0.0500010943214875,0.950000715296483,0.949992473440943,0.0500275115191471
0.65,0.05,0.95,0.95,0.05,0.649997885600897,0.0499978969601216,0.949993405811256,0.949991787500039,0.049995840221527
0.95,0.05,0.95,0.95,0.05,0.949998912314186,0.0500001437030733,0.949993453570642,0.950011505425209,0.0500063164217863
0.05,0.35,0.95,0.95,0.05,0.0499975632774294,0.350001048624108,0.949983138612879,0.949992837216996,0.0499694470563554
0.35,0.35,0.95,0.95,0.05,0.350002535269596,0.350002159248106,0.949991553789005,0.949972138274461,0.0499655307503417
0.65,0.35,0.95,0.95,0.05,0.649994618725032,0.350007504224777,0.949992312118411,0.950007249601185,0.0499962740577757
0.95,0.35,0.95,0.95,0.05,0.949995353992563,0.349995987577131,0.950003788719187,0.949991680827225,0.0499911928491201
0.05,0.65,0.95,0.95,0.05,0.0499993795529008,0.649997258558869,0.949992320965976,0.950001634191722,0.0499868970364332
0.35,0.65,0.95,0.95,0.05,0.349998973695619,0.65001080899674,0.949992377252784,0.949990422355768,0.0500368742068531
0.65,0.65,0.95,0.95,0.05,0.650005327654071,0.649993862840347,0.94999566313345,0.949986877967604,0.0500084552913904
0.95,0.65,0.95,0.95,0.05,0.949996922310675,0.650002877373481,0.950000889948569,0.950006386468885,0.0500393725233153
0.05,0.95,0.95,0.95,0.05,0.0500001199543476,0.95000683888793,0.950005969032645,0.9499919898808,0.0499870497733355
0.35,0.95,0.95,0.95,0.05,0.350000551639823,0.950000261567766,0.949996596958954,0.949997671792516,0.0500136243063025
0.65,0.95,0.95,0.95,0.05,0.649991495884024,0.950000156764872,0.949986457941122,0.950002017430961,0.05001417954918
0.95,0.95,0.95,0.95,0.05,0.949993995134719,0.94999214951531,0.949991910572862,0.949997600226197,0.0499986006470863
0.05,0.05,0.05,0.05,0.35,0.0500006741513062,0.0500021027655748,0.0499997687420546,0.0500014913523046,0.350015834439546
0.35,0.05,0.05,0.05,0.35,0.349999268713873,0.0499970832315739,0.0499986491922755,0.049999207170913,0.350009073183173
0.65,0.05,0.05,0.05,0.35,0.650002614682307,0.0499968406802509,0.0499998206214514,0.0499995574064087,0.350026739761233
0.95,0.05,0.05,0.05,0.35,0.949985902290791,0.0499989609234035,0.0500025548972189,0.0499996216967702,0.349992372095585
0.05,0.35,0.05,0.05,0.35,0.0499994545630216,0.350003788131289,0.0499995730710907,0.0500001599320967,0.349995912327813
0.35,0.35,0.05,0.05,0.35,0.349971457006177,0.349994356307434,0.0499956985004246,0.0499987196235452,0.350001202285057
0.65,0.35,0.05,0.05,0.35,0.649953993037343,0.3499970784178,0.0500008015660569,0.0499994880519807,0.350010437425226
0.95,0.35,0.05,0.05,0.35,0.950038064736873,0.349998173769563,0.0500004962086678,0.0500003662891686,0.350007326574996
0.05,0.65,0.05,0.05,0.35,0.0499948671786115,0.650003249291331,0.0499931706581265,0.0500010022660717,0.350015347008593
0.35,0.65,0.05,0.05,0.35,0.34998184558026,0.649988777755425,0.0499983082700055,0.0499981714783644,0.349996953074879
0.65,0.65,0.05,0.05,0.35,0.650026722927578,0.64998826419469,0.0499976680148393,0.0499992469558492,0.350006067077629
0.95,0.65,0.05,0.05,0.35,0.94998531408055,0.649989813435241,0.0499956597559503,0.0499992687473423,0.350019575264014
0.05,0.95,0.05,0.05,0.35,0.0499972980896928,0.949984951012084,0.0499972677635014,0.0500002781550393,0.350011427284244
0.35,0.95,0.05,0.05,0.35,0.349989059839572,0.949997595767854,0.0499888163521973,0.0500002727512765,0.350034100429184
0.65,0.95,0.05,0.05,0.35,0.649966963654151,0.95000927062938,0.0499983263143804,0.0499997407314368,0.349998903489904
0.95,0.95,0.05,0.05,0.35,0.949982036428992,0.949989053216996,0.0499930855585262,0.0500002386979759,0.350003640254727
0.05,0.05,0.35,0.05,0.35,0.0499985039059538,0.0500034554570448,0.349991184019018,0.0500025521032512,0.349995216558455
0.35,0.05,0.35,0.05,0.35,0.350003356579691,0.0499962173344102,0.350001649610931,0.0499985874339473,0.350010712078074
0.65,0.05,0.35,0.05,0.35,0.649995470186695,0.0499939625733532,0.350000536098378,0.0499991149699781,0.350003120722249
0.95,0.05,0.35,0.05,0.35,0.950014455993369,0.0500021018888219,0.349999728809053,0.0500007483497029,0.350007289249334
0.05,0.35,0.35,0.05,0.35,0.0500003196357284,0.349998199846596,0.350002058898099,0.0499990870303009,0.349984753906028
0.35,0.35,0.35,0.05,0.35,0.350003407656914,0.349977881036466,0.349998578341911,0.0499971539829858,0.350015750183957
0.65,0.35,0.35,0.05,0.35,0.650014272687258,0.349996026197914,0.350000337493839,0.0499998259765562,0.350010023859795
0.95,0.35,0.35,0.05,0.35,0.950015543727204,0.350003628176637,0.349998404853977,0.0500008255476132,0.349986917572096
0.05,0.65,0.35,0.05,0.35,0.0499974513659254,0.649982493603602,0.349990614689887,0.0499983570771292,0.35000787768513
0.35,0.65,0.35,0.05,0.35,0.349986444693059,0.64999746857211,0.3499899758026,0.0499996156431735,0.349990278482437
0.65,0.65,0.35,0.05,0.35,0.650001360310853,0.650009239401697,0.350000282678593,0.0499996894905053,0.350013310315262
0.95,0.65,0.35,0.05,0.35,0.949992963578552,0.649976410437375,0.349991106428206,0.0499991504475474,0.349991302005947
0.05,0.95,0.35,0.05,0.35,0.0500003203633241,0.950013599736849,0.350000587612158,0.0500006845395546,0.349975737102795
0.35,0.95,0.35,0.05,0.35,0.349997483426705,0.949984145234339,0.349995074095204,0.049998237984255,0.350005635322304
0.65,0.95,0.35,0.05,0.35,0.64999530185014,0.950019258656539,0.349992376868613,0.0499999920139089,0.350022318889387
0.95,0.95,0.35,0.05,0.35,0.949987556203268,0.949999660952017,0.350002882885747,0.0500007957452908,0.349966269801371
0.05,0.05,0.65,0.05,0.35,0.0499988364754245,0.04999739152845,0.649989333585836,0.0499969696393237,0.349998985417187
0.35,0.05,0.65,0.05,0.35,0.35000452195527,0.0499989210802596,0.650002835085616,0.0499994024576154,0.350007774453843
0.65,0.05,0.65,0.05,0.35,0.649994613137096,0.0500005355279427,0.650006372161442,0.0500003713823389,0.350006600143388
0.95,0.05,0.65,0.05,0.35,0.949986843945226,0.0499990388925653,0.650001066009281,0.0499995934660546,0.350001496553887
0.05,0.35,0.65,0.05,0.35,0.049998952075839,0.350001413375139,0.649995340034366,0.0500002298504114,0.350000878795981
0.35,0.35,0.65,0.05,0.35,0.350003194063902,0.350003186613321,0.649997727945447,0.0499996077269316,0.349990218877792
0.65,0.35,0.65,0.05,0.35,0.649998359149322,0.350005720683839,0.650000047957292,0.0500004189671017,0.349983602325665
0.95,0.35,0.65,0.05,0.35,0.950005004458944,0.34999738499755,0.649997833679663,0.0500000082174665,0.349999935788219
0.05,0.65,0.65,0.05,0.35,0.0500000999600161,0.649987387034344,0.649999843823025,0.0499994300480466,0.349998420337215
0.35,0.65,0.65,0.05,0.35,0.350001147591684,0.650003183356603,0.649999767992995,0.0499996385406121,0.350023959683313
0.65,0.65,0.65,0.05,0.35,0.649995105683047,0.650008920030814,0.649998498425703,0.0499999056282832,0.349999919739275
0.95,0.65,0.65,0.05,0.35,0.949984172708355,0.649981126771308,0.649999313987792,0.0500000303145498,0.349992039962672
0.05,0.95,0.65,0.05,0.35,0.0499994605779648,0.949989788117819,0.649998385692015,0.0500005141366273,0.350042586913332
0.35,0.95,0.65,0.05,0.35,0.350005169690746,0.950012856093451,0.650001745267389,0.0500010052452353,0.350002985508723
0.65,0.95,0.65,0.05,0.35,0.650002013695484,0.950000363749496,0.649999338080306,0.0499991781853169,0.35001998820735
0.95,0.95,0.65,0.05,0.35,0.950001085846452,0.950027485087048,0.649998725042678,0.0500011806725524,0.349997081328183
0.05,0.05,0.95,0.05,0.35,0.0499993520788848,0.0499989177915268,0.95000782518764,0.0499999613384716,0.350001003971556
0.35,0.05,0.95,0.05,0.35,0.349998987163417,0.0499977465951815,0.949992676120019,0.0499983570771292,0.3499897554575
0.65,0.05,0.95,0.05,0.35,0.649994944375067,0.0500002659973688,0.949998692041845,0.0500004703135346,0.349979777573026
0.95,0.05,0.95,0.05,0.35,0.949997830204666,0.0499961896566674,0.949998921772931,0.0499985808564816,0.350003361265408
0.05,0.35,0.95,0.05,0.35,0.0499983608024195,0.350000829668716,0.949975755647756,0.0499998759478331,0.349992563598789
0.35,0.35,0.95,0.05,0.35,0.349999964586459,0.34999886516016,0.950006872124504,0.049999542417936,0.350001253857045
0.65,0.35,0.95,0.05,0.35,0.649998704931932,0.349998707300983,0.949991853820393,0.0499994124984369,0.350002799677895
0.95,0.35,0.95,0.05,0.35,0.949995227594627,0.349993565410841,0.9500026513997,0.0499989035597537,0.349998234567465
0.05,0.65,0.95,0.05,0.35,0.0500011495751096,0.650015155559231,0.950005479637184,0.0500012484917534,0.350012925584451
0.35,0.65,0.95,0.05,0.35,0.350000316451769,0.650004953262396,0.950005969032645,0.0500005227222573,0.349985856184503
0.65,0.65,0.95,0.05,0.35,0.650001599919051,0.650011456571519,0.949997302494012,0.0500003955094144,0.349994250107557
0.95,0.65,0.95,0.05,0.35,0.949995917122578,0.649987123731989,0.949999861855758,0.0499990471289493,0.350011440692469
0.05,0.95,0.95,0.05,0.35,0.0500003182096407,0.949996775685577,0.950001804245403,0.0499998722807504,0.349987094290555
0.35,0.95,0.95,0.05,0.35,0.349997582874494,0.949985245795688,0.949989861808717,0.0499998484447133,0.350005356449401
0.65,0.95,0.95,0.05,0.35,0.650001333560795,0.949988851731177,0.949997295450885,0.050000063754851,0.349986459157662
0.95,0.95,0.95,0.05,0.35,0.950006110360846,0.949996577983256,0.949994852824602,0.0500008015660569,0.350010651542107
0.05,0.05,0.05,0.35,0.35,0.0499982563596859,0.049998974391201,0.0499911244005489,0.349995792537811,0.349990203194466
0.35,0.05,0.05,0.35,0.35,0.349993086350878,0.0500016262212739,0.0499965042272379,0.350002470335312,0.349978988990188
0.65,0.05,0.05,0.35,0.35,0.649998212154514,0.0500014605818251,0.0500029377899409,0.349997449592593,0.34999591476344
0.95,0.05,0.05,0.35,0.35,0.949989410350099,0.0500017059384845,0.0499932535167318,0.3500055585464,0.349986876914045
0.05,0.35,0.05,0.35,0.35,0.0500014200806618,0.350002795923501,0.0500071025453508,0.350001474376768,0.350055889226496
0.35,0.35,0.05,0.35,0.35,0.349995113210753,0.350001215614611,0.0500001165200956,0.349999702884816,0.350008050329052
0.65,0.35,0.05,0.35,0.35,0.64998138640658,0.349998135119677,0.0499964261980494,0.349998754943954,0.350004050313146
0.95,0.35,0.05,0.35,0.35,0.949991220879383,0.350002983128434,0.0499968472704495,0.349997576857277,0.350029174289375
0.05,0.65,0.05,0.35,0.35,0.0499997531674126,0.650001140148561,0.0499998582117769,0.349999785273212,0.349987159416742
0.35,0.65,0.05,0.35,0.35,0.350003829691559,0.650003031274537,0.05000004984322,0.350001187733142,0.349980924627744
0.65,0.65,0.05,0.35,0.35,0.649973068386316,0.649995673447847,0.0500006210058928,0.349995939061046,0.349998038262129
0.95,0.65,0.05,0.35,0.35,0.94999966584146,0.650010239332914,0.0499985478818417,0.350002393126488,0.349973268806934
0.05,0.95,0.05,0.35,0.35,0.0500005921348929,0.949994690250605,0.0500011071562767,0.349997619632632,0.349987489171326
0.35,0.95,0.05,0.35,0.35,0.350002020713873,0.949995501810918,0.0499992816185113,0.350000070495298,0.350013473682338
0.65,0.95,0.05,0.35,0.35,0.649997154599987,0.949999485863373,0.0499971342505887,0.350002284278162,0.349972142605111
0.95,0.95,0.05,0.35,0.35,0.950013501378635,0.94999944958181,0.0500031208775908,0.349998350442547,0.350030376765062
0.05,0.05,0.35,0.35,0.35,0.0499998952436727,0.0499983409245033,0.35000144696096,0.350010527588893,0.349990297516342
0.35,0.05,0.35,0.35,0.35,0.350001919898205,0.0499965300550684,0.349995013326406,0.349999895086512,0.349986483692192
0.65,0.05,0.35,0.35,0.35,0.650006706244312,0.0500020429026335,0.349996713281143,0.350012055627303,0.350014109397307
0.95,0.05,0.35,0.35,0.35,0.950006998784374,0.0500001708569471,0.350004004343646,0.3499958878092,0.349996444187127
0.05,0.35,0.35,0.35,0.35,0.0499971875688061,0.349995904049138,0.349973925360246,0.350000086094951,0.350018847238971
0.35,0.35,0.35,0.35,0.35,0.349997216719203,0.349991425988264,0.349996773235034,0.349996848526644,0.349965559260454
0.65,0.35,0.35,0.35,0.35,0.650005229674207,0.349997215631447,0.350005258776946,0.349997976420582,0.349988199558084
0.95,0.35,0.35,0.35,0.35,0.949993830290623,0.349993933225051,0.349999587284401,0.349993200972676,0.34998076595366
0.05,0.65,0.35,0.35,0.35,0.0499982522742357,0.650005093310028,0.349987854307983,0.349997801240534,0.350001354323467
0.35,0.65,0.35,0.35,0.35,0.35000511736871,0.649996144442412,0.350006904132897,0.34999808883731,0.350020838748605
0.65,0.65,0.35,0.35,0.35,0.6499964450486,0.650002597365528,0.349995138822123,0.350001274142414,0.349993671290576
0.95,0.65,0.35,0.35,0.35,0.949995721573941,0.65000037883874,0.35000069194939,0.350000550737604,0.350001543061808
0.05,0.95,0.35,0.35,0.35,0.0499990481184795,0.950004214595538,0.349991768889595,0.34999493896612,0.349955591314938
0.35,0.95,0.35,0.35,0.35,0.350000294230995,0.949994421787778,0.350001198416066,0.350002386665437,0.350008632070967
0.65,0.95,0.35,0.35,0.35,0.650015884515597,0.949996965209721,0.350006020249566,0.349993156618439,0.349961717874976
0.95,0.95,0.35,0.35,0.35,0.949999399948865,0.949998446507379,0.350001458544284,0.350000614183955,0.349980187835172
0.05,0.05,0.65,0.35,0.35,0.0499976365463226,0.0500016896112356,0.649960593720607,0.350004811618419,0.350016187709116
0.35,0.05,0.65,0.35,0.35,0.350000317092054,0.0500087873078883,0.649993476225063,0.350004660547711,0.350010032649152
0.65,0.05,0.65,0.35,0.35,0.649998825625516,0.0499967401847243,0.650001711212099,0.349997842218727,0.3500003736699
0.95,0.05,0.65,0.35,0.35,0.950000438257121,0.0499997795850504,0.650006131560076,0.350009174813749,0.350003568280954
0.05,0.35,0.65,0.35,0.35,0.0499997871229425,0.349998086923733,0.650004343711771,0.349990110145882,0.349976981990039
0.35,0.35,0.65,0.35,0.35,0.349995015147215,0.349998593477721,0.649995699021019,0.350002762997974,0.350004498795897
0.65,0.35,0.65,0.35,0.35,0.650003155693412,0.350002842023969,0.649998439475894,0.34999623708427,0.350017637014389
0.95,0.35,0.65,0.35,0.35,0.949987834319472,0.349998116493225,0.649996610358357,0.349996689707041,0.350006762892008
0.05,0.65,0.65,0.35,0.35,0.0499989239815477,0.649996615020427,0.649993557961352,0.349999204081541,0.349999335972825
0.35,0.65,0.65,0.35,0.35,0.350004271254875,0.64999706170056,0.65000665280968,0.349997499142773,0.349988017231226
0.65,0.65,0.65,0.35,0.35,0.649998021777719,0.650004219147377,0.650002040318213,0.350004379521124,0.35000071383547
0.95,0.65,0.65,0.35,0.35,0.950006230457802,0.64999508222536,0.650000532434206,0.350000698956137,0.349998106503335
0.05,0.95,0.65,0.35,0.35,0.0499993269622792,0.950001300807344,0.649999709334224,0.350000796810491,0.349986960412934
0.35,0.95,0.65,0.35,0.35,0.350004984473344,0.949999134492828,0.650004167313455,0.349994660267839,0.349991225608392
0.65,0.95,0.65,0.35,0.35,0.650000769644976,0.949998712632805,0.649993282742798,0.349998448509723,0.3500313651748
0.95,0.95,0.65,0.35,0.35,0.950006190803833,0.949998539872468,0.650010661192937,0.350002327002585,0.349995303986361
0.05,0.05,0.95,0.35,0.35,0.049998776987195,0.0499952621757984,0.949981844052672,0.350001107901335,0.349987279623747
0.35,0.05,0.95,0.35,0.35,0.350000242397073,0.0500022059568437,0.95000305477879,0.350008852517931,0.35001834450668
0.65,0.05,0.95,0.35,0.35,0.649997854576213,0.0499993994890247,0.94999577771523,0.350008469395107,0.349982275802176
0.95,0.05,0.95,0.35,0.35,0.950004567508586,0.0500037396268453,0.950002646364737,0.350005315733142,0.349993494804949
0.05,0.35,0.95,0.35,0.35,0.0499993168050423,0.349996082564758,0.949998302108725,0.349989991256734,0.350008703157073
0.35,0.35,0.95,0.35,0.35,0.349999744154047,0.349994339572731,0.950006259809015,0.349997543526115,0.350022969127167
0.65,0.35,0.95,0.35,0.35,0.650001746787893,0.349998809169847,0.949993707594331,0.349997894030821,0.35002050384719
0.95,0.35,0.95,0.35,0.35,0.949994427792262,0.34999903163407,0.950000902841566,0.350000846403418,0.34999177447753
0.05,0.65,0.95,0.35,0.35,0.050000372400973,0.650000434950925,0.950000298995292,0.350001970655285,0.349977831792785
0.35,0.65,0.95,0.35,0.35,0.349998255842365,0.649993839673698,0.949985408456996,0.350000907899812,0.350020952522755
0.65,0.65,0.95,0.35,0.35,0.649996714142617,0.650004058676132,0.94998846991075,0.350000838057895,0.350001991166209
0.95,0.65,0.95,0.35,0.35,0.949995779141318,0.650007400545292,0.949998739408329,0.350000366772292,0.350001017039176
0.05,0.95,0.95,0.35,0.35,0.050000422517769,0.949998606578447,0.949994718888775,0.349995204946026,0.349991391180083
0.35,0.95,0.95,0.35,0.35,0.349997284480196,0.949991540983319,0.949998660667916,0.349995743054023,0.349951180818607
0.65,0.95,0.95,0.35,0.35,0.650003006623592,0.950002824683907,0.950000378186814,0.350002031016629,0.349959500192199
0.95,0.95,0.95,0.35,0.35,0.949995134607889,0.950004884740338,0.95000451663509,0.349997230106965,0.350025030551478
0.05,0.05,0.05,0.65,0.35,0.0499984385314747,0.050007169636956,0.0499934790204861,0.649993549326609,0.350027997817961
0.35,0.05,0.05,0.65,0.35,0.349996157456189,0.0499986705835909,0.050000163493678,0.649997351923957,0.349944246001542
0.65,0.05,0.05,0.65,0.35,0.649987650569528,0.0500049161491916,0.0499974079430103,0.649999085813761,0.349998675985262
0.95,0.05,0.05,0.65,0.35,0.94999332644511,0.0500015318393707,0.0499966093339026,0.650005421601236,0.350000359350815
0.05,0.35,0.05,0.65,0.35,0.0500005195353879,0.350001386039366,0.0500020415929612,0.650013000878971,0.349983625550522
0.35,0.35,0.05,0.65,0.35,0.350000757258385,0.350000297679799,0.0499984591733664,0.650005014904309,0.350039473269135
0.65,0.35,0.05,0.65,0.35,0.650019992608577,0.34999997925479,0.0500043452484533,0.650002715294249,0.350020898040384
0.95,0.35,0.05,0.65,0.35,0.949983570317272,0.350002146493352,0.050000691342575,0.650000972193084,0.3500526147036
0.05,0.65,0.05,0.65,0.35,0.0499995557183865,0.650005560048157,0.0500008028175216,0.650008619413711,0.349991457303986
0.35,0.65,0.05,0.65,0.35,0.349997846176848,0.65000795153901,0.0499993374105543,0.650000554858707,0.350029159337282
0.65,0.65,0.05,0.65,0.35,0.649983610521303,0.650000326364534,0.0499975197672029,0.649998459040944,0.350008149085625
0.95,0.65,0.05,0.65,0.35,0.950009927433712,0.649995525101986,0.0500022567521228,0.65000349120055,0.349986214918317
0.05,0.95,0.05,0.65,0.35,0.0500011857511709,0.950006079714512,0.0500016427504306,0.650007229580297,0.350000318056118
0.35,0.95,0.05,0.65,0.35,0.35000201157527,0.950009125139331,0.0500001792970579,0.650003819377162,0.350000327773159
0.65,0.95,0.05,0.65,0.35,0.649988328746986,0.950000341319537,0.0500002065018634,0.649996395164635,0.349977794998267
0.95,0.95,0.05,0.65,0.35,0.949981458528782,0.949994246650022,0.050002445204882,0.649997438020364,0.349956741498318
0.05,0.05,0.35,0.65,0.35,0.0499991995748132,0.0499960235320032,0.349998480291106,0.649984859977849,0.349983112420887
0.35,0.05,0.35,0.65,0.35,0.349998660734855,0.0499984420603141,0.349998247227632,0.650012552621774,0.349990898976102
0.65,0.05,0.35,0.65,0.35,0.649997429689392,0.049998257891275,0.349997809273191,0.65000348794274,0.350019363802858
0.95,0.05,0.35,0.65,0.35,0.949992086156271,0.0500001129112206,0.34999635850545,0.650001883419463,0.349955871672137
0.05,0.35,0.35,0.65,0.35,0.0499995088903233,0.349995797732845,0.349993911106139,0.649987241486087,0.349977811914869
0.35,0.35,0.35,0.65,0.35,0.350003202445805,0.350002520252019,0.350001451559365,0.649998371955007,0.350034583359957
0.65,0.35,0.35,0.65,0.35,0.650000601890497,0.349999667494558,0.350000015925616,0.650004047667608,0.350019029690884
0.95,0.35,0.35,0.65,0.35,0.949994286187575,0.3500009936688,0.35000049527298,0.649998703964229,0.35002124960738
0.05,0.65,0.35,0.65,0.35,0.0499999960884452,0.649994314881042,0.350000496022403,0.649989361758344,0.350009158602916
0.35,0.65,0.35,0.65,0.35,0.349996637087315,0.649992963764817,0.349999687983654,0.649997194763273,0.349995303433388
0.65,0.65,0.35,0.65,0.35,0.650006692274474,0.649998044129461,0.349999127094634,0.649999265093356,0.350001699407585
0.95,0.65,0.35,0.65,0.35,0.950017077877419,0.649997927881486,0.349998182718991,0.649998528126162,0.34997586375539
0.05,0.95,0.35,0.65,0.35,0.0499982844048645,0.950005970575148,0.349995656259125,0.649996750988066,0.350030198314926
0.35,0.95,0.35,0.65,0.35,0.349991255206987,0.949988501844928,0.349994063959457,0.649998806416988,0.349997496581636
0.65,0.95,0.35,0.65,0.35,0.649993568076752,0.949994364520535,0.349999917554669,0.649998299311846,0.349979231716134
0.95,0.95,0.35,0.65,0.35,0.950005726888776,0.949996969779022,0.349997909506783,0.650000575114973,0.350006155087613
0.05,0.05,0.65,0.65,0.35,0.0500002112239599,0.0500025562942028,0.649996338412166,0.650097969919443,0.350031116977334
0.35,0.05,0.65,0.65,0.35,0.349999862140976,0.05000291520264,0.650001871865243,0.650024051428773,0.350004932959564
0.65,0.05,0.65,0.65,0.35,0.650002240785398,0.0500000312458724,0.649994886945933,0.649988230434246,0.349985964014195
0.95,0.05,0.65,0.65,0.35,0.949993856223955,0.050002968240733,0.649993586246637,0.65000166183745,0.350001013564906
0.05,0.35,0.65,0.65,0.35,0.0499991150572896,0.349996741861105,0.649994538514875,0.65001559862867,0.350054604816251
0.35,0.35,0.65,0.65,0.35,0.350002056817175,0.349995444792512,0.649999242874401,0.649999889830724,0.350034769002377
0.65,0.35,0.65,0.65,0.35,0.649994810693897,0.350007442466449,0.649994874314871,0.650015677121701,0.350003315717913
0.95,0.35,0.65,0.65,0.35,0.950007615880168,0.350004846906813,0.649998114065966,0.649998877343023,0.349977767931705
0.05,0.65,0.65,0.65,0.35,0.0500000208849087,0.649999961606227,0.649996522231959,0.649992729653604,0.349981619394384
0.35,0.65,0.65,0.65,0.35,0.349995993427001,0.649999334011227,0.649990282021463,0.649992594029754,0.349976661032997
0.65,0.65,0.65,0.65,0.35,0.650001600850374,0.649998929584399,0.649999156710692,0.649997718282975,0.349992546834983
0.95,0.65,0.65,0.65,0.35,0.950003597366049,0.649997895300203,0.650005187300849,0.649995540234158,0.34999794946043
0.05,0.95,0.65,0.65,0.35,0.0500008552626241,0.950004953716416,0.650006848125486,0.649997851927765,0.349985619657673
0.35,0.95,0.65,0.65,0.35,0.349994601798244,0.950001224409789,0.649990370962769,0.650004335911945,0.350023786304519
0.65,0.95,0.65,0.65,0.35,0.650000632624142,0.949999242904596,0.649994672043249,0.649998782784678,0.349970055627637
0.95,0.95,0.65,0.65,0.35,0.949993981106672,0.949995986244176,0.650001622125274,0.650002214038977,0.350028951710556
0.05,0.05,0.95,0.65,0.35,0.0499995088903233,0.0499984998023137,0.949995305505581,0.649958032299764,0.349982463521883
0.35,0.05,0.95,0.65,0.35,0.34999736957252,0.0499958973377943,0.949982330203056,0.650009265169501,0.349978931248188
0.65,0.05,0.95,0.65,0.35,0.650002199225128,0.0500019090250134,0.94999941252172,0.649993116036057,0.349981085397303
0.95,0.05,0.95,0.65,0.35,0.94999449281022,0.0500035628210753,0.950004224083386,0.650003993650898,0.350007976521738
0.05,0.35,0.95,0.65,0.35,0.0500013620767277,0.349999885793295,0.950004805434219,0.649996210930112,0.349991229093575
0.35,0.35,0.95,0.65,0.35,0.35000059963204,0.349995654658414,0.950005147256888,0.649997348664328,0.350017995922826
0.65,0.35,0.95,0.65,0.35,0.64999986323528,0.349999609636143,0.950007238076068,0.6499952187296,0.349988672882318
0.95,0.35,0.95,0.65,0.35,0.950002307421528,0.350003729341552,0.949994539492764,0.650008534197696,0.349986781133339
0.05,0.65,0.95,0.65,0.35,0.0499998436062015,0.649997463493492,0.949990780864027,0.649997274384077,0.350007560220547
0.35,0.65,0.95,0.65,0.35,0.350000087111766,0.649994247456561,0.949994797367253,0.649995099711305,0.349996592281968
0.65,0.65,0.95,0.65,0.35,0.649997073342092,0.649996180203743,0.949992504087277,0.649999538552947,0.350026971078478
0.95,0.65,0.95,0.65,0.35,0.950000139855547,0.649997188913403,0.950003462116001,0.650002231064718,0.349991015420528
0.05,0.95,0.95,0.65,0.35,0.0500000882893801,0.949990756809711,0.950000505894423,0.650000672787428,0.349982511252165
0.35,0.95,0.95,0.65,0.35,0.349996330332942,0.949992254725657,0.949984168866649,0.649997147265822,0.349999209982343
0.65,0.95,0.95,0.65,0.35,0.649999550543725,0.950002036639489,0.950000027776696,0.649993663770147,0.350026846397668
0.95,0.95,0.95,0.65,0.35,0.950002638610385,0.949999501435741,0.949996738027039,0.650001184238135,0.350004960257138
0.05,0.05,0.05,0.95,0.35,0.0499981316024787,0.0500038914833567,0.0499931616723188,0.950005449885793,0.350009354038775
0.35,0.05,0.05,0.95,0.35,0.349999711383134,0.049994645640254,0.0500001843320206,0.949988111387938,0.349975245655514
0.65,0.05,0.05,0.95,0.35,0.650004538125359,0.0499999842140824,0.0500020976469386,0.95002632541582,0.350018774392083
0.95,0.05,0.05,0.95,0.35,0.950003379955888,0.04999715462327,0.050001569557935,0.950006211176515,0.35001284070313
0.05,0.35,0.05,0.95,0.35,0.0500000800402631,0.349997916409848,0.050000808765617,0.949981111663874,0.350020306756051
0.35,0.35,0.05,0.95,0.35,0.350002483624849,0.350000945887587,0.0500010871473933,0.950003755031503,0.349975221215573
0.65,0.35,0.05,0.95,0.35,0.649997593718581,0.350001551327296,0.0499987688381225,0.949989652028307,0.350006205961108
0.95,0.35,0.05,0.95,0.35,0.949989925487898,0.349997860495932,0.0500014032004401,0.950009626569226,0.349982251762412
0.05,0.65,0.05,0.95,0.35,0.0499993833946064,0.649998309207149,0.0499947726493701,0.949978087912314,0.350001530139707
0.35,0.65,0.05,0.95,0.35,0.349999938625842,0.65000079118181,0.0499999496387318,0.949992795707658,0.350038982229307
0.65,0.65,0.05,0.95,0.35,0.649993827217259,0.649996903026477,0.0499951344681904,0.94998516025953,0.349947659298778
0.95,0.65,0.05,0.95,0.35,0.950008878135122,0.649998062290251,0.0500038692262024,0.950002124416642,0.350016767042689
0.05,0.95,0.05,0.95,0.35,0.0499998051673174,0.949999650241807,0.0499987488146871,0.949995941016823,0.350022551137954
0.35,0.95,0.05,0.95,0.35,0.350002214312553,0.949995816219598,0.0499979231972247,0.949990147841163,0.349993424490094
0.65,0.95,0.05,0.95,0.35,0.649997355596497,0.94999390637895,0.0499999015846697,0.949993223841375,0.350006296586798
0.95,0.95,0.05,0.95,0.35,0.950015272574092,0.949998631018389,0.0500000748288585,0.950014132933575,0.349944344685355
0.05,0.05,0.35,0.95,0.35,0.0500016702208086,0.0499985943970387,0.350018233169976,0.94995361972542,0.350036339914368
0.35,0.05,0.35,0.95,0.35,0.350007903645746,0.0499973984551616,0.350005859480007,0.949998598371167,0.350023329578107
0.65,0.05,0.35,0.95,0.35,0.650009047007188,0.0500027572270483,0.349997120909393,0.95001526537817,0.349976969417185
0.95,0.05,0.35,0.95,0.35,0.949993766844273,0.0499933511018753,0.349987708032131,0.949984937906265,0.350020997226238
0.05,0.35,0.35,0.95,0.35,0.0499996402213583,0.349996315908356,0.349995429513001,0.949977255737394,0.350023566896198
0.35,0.35,0.35,0.95,0.35,0.349999709800613,0.349995707632843,0.349997285615245,0.949993544301833,0.350006143977225
0.65,0.35,0.35,0.95,0.35,0.649996957741678,0.349996302626096,0.349996634526178,0.94998178712558,0.349991915281862
0.95,0.35,0.35,0.95,0.35,0.949994868045906,0.350004002044443,0.349993360112421,0.95000555110164,0.349998688674532
0.05,0.65,0.35,0.95,0.35,0.0500006478505384,0.64999498897123,0.350005057329327,0.949987238274844,0.350012467151828
0.35,0.65,0.35,0.95,0.35,0.349995084106922,0.650000026449561,0.349991634488106,0.949986374005675,0.349974213168025
0.65,0.65,0.35,0.95,0.35,0.650003931601532,0.650002171751112,0.349999350961298,0.949994683032855,0.349987725145184
0.95,0.65,0.35,0.95,0.35,0.94997617288027,0.649996242369525,0.349996970850043,0.949988356907852,0.350015393109061
0.05,0.95,0.35,0.95,0.35,0.0499993270495906,0.949994022375904,0.349998954101466,0.949993898742832,0.349970061099157
0.35,0.95,0.35,0.95,0.35,0.349999295780435,0.950011016451754,0.349999113474041,0.949991825968027,0.350016117095947
0.65,0.95,0.35,0.95,0.35,0.650014411658049,0.949997289571911,0.350002252496779,0.949996706098318,0.350030312780291
0.95,0.95,0.35,0.95,0.35,0.949991555302404,0.949998072115704,0.350000974955037,0.950004438171163,0.349944706307724
0.05,0.05,0.65,0.95,0.35,0.0499999597668648,0.0499989930540323,0.649986730888486,0.950014933943748,0.349958596751094
0.35,0.05,0.65,0.95,0.35,0.350000225691474,0.050001236711978,0.649998682485602,0.950021576405561,0.350026637956034
0.65,0.05,0.65,0.95,0.35,0.650001331232488,0.0499949741642922,0.649997691158205,0.950005354825407,0.350033307331614
0.95,0.05,0.65,0.95,0.35,0.949999259319156,0.0500020118197426,0.649992891936563,0.94999788235873,0.349961206549779
0.05,0.35,0.65,0.95,0.35,0.0499994563870132,0.349999589845538,0.649989379569888,0.94999676477164,0.350003650877625
0.35,0.35,0.65,0.95,0.35,0.349999728758121,0.350002776947804,0.649991028069053,0.949999129166827,0.350042846432189
0.65,0.35,0.65,0.95,0.35,0.649998020497151,0.349997467827052,0.650001736939885,0.949993161484599,0.350023260805756
0.95,0.35,0.65,0.95,0.35,0.949986373008869,0.34999393815815,0.649994791856443,0.949995251823566,0.349975596123841
0.05,0.65,0.65,0.95,0.35,0.0499998746963684,0.64999718539184,0.650013677193783,0.950002173543908,0.349984339234652
0.35,0.65,0.65,0.95,0.35,0.349995122291148,0.649994056206197,0.649990183766931,0.949991647154093,0.349951829761267
0.65,0.65,0.65,0.95,0.35,0.649991485173814,0.650004530674778,0.649992010556161,0.950003327452578,0.350017850054428
0.95,0.65,0.65,0.95,0.35,0.949993449728936,0.650010069366544,0.650002324953675,0.950003810692579,0.350015802308917
0.05,0.95,0.65,0.95,0.35,0.0499974846898112,0.950000649034337,0.649972010251076,0.949994131384301,0.349991165727261
0.35,0.95,0.65,0.95,0.35,0.350005072101339,0.950003546278822,0.650004086432091,0.949997624753451,0.34997806363026
0.65,0.95,0.65,0.95,0.35,0.650001622321724,0.94998410102562,0.64999816618365,0.950001709112257,0.349948989787663
0.95,0.95,0.65,0.95,0.35,0.949994913185947,0.949997479445301,0.649999202927575,0.95000156853348,0.350019266596064
0.05,0.05,0.95,0.95,0.35,0.0499994561541826,0.0500083063998318,0.949997479576268,0.950014452228061,0.349961663909198
0.35,0.05,0.95,0.95,0.35,0.350003986153752,0.0500041203340515,0.949997713090852,0.949998455820605,0.349955498240888
0.65,0.05,0.95,0.95,0.35,0.649998463341035,0.0499964217888191,0.949988374719396,0.949999168864451,0.349998168530874
0.95,0.05,0.95,0.95,0.35,0.949992717709392,0.0500033129937947,0.949992084410042,0.949999691918492,0.350041189230978
